week_start,conflict_count,total_events_country,avg_goldstein,goldstein_std,avg_tone,conflict_mentions,total_mentions_country,available_from,wb_observation_year,inflation_pct,unemployment_pct,gdp_growth_pct,wb_feature_age_years,data_quality_gap_week,origin_valid_full_features,conflict_count_t,conflict_count_lag1,conflict_count_lag2,conflict_count_lag4,conflict_count_lag12,rolling_mean_4w,rolling_std_4w,rolling_mean_8w,rolling_std_12w,rolling_max_8w,cumulative_conflict_12w,goldstein_volatility_4w,news_volume_change_wow,conflict_share,mentions_per_conflict
2022-01-03,3110,22681,-9.873151125401929,0.3065743232677148,-5.830090845990095,16717,117031,2022-01-01,2020,-0.575254620897756,4.169,-1.80206927953466,2,False,True,3110.0,,,,,,,,,,,,,0.13711917463956616,5.37524115755627
2022-01-10,2600,21527,-9.807115384615383,0.3727018152458853,-5.616748441209566,13593,113269,2022-01-01,2020,-0.575254620897756,4.169,-1.80206927953466,2,False,True,2600.0,3110.0,,,,,,,,,,,-0.05087959084696447,0.12077855716077485,5.228076923076923
2022-01-17,2213,22635,-9.782647989154992,0.3773382093348471,-4.931416608063661,11800,117380,2022-01-01,2020,-0.575254620897756,4.169,-1.80206927953466,2,False,True,2213.0,2600.0,3110.0,,,,,,,,,,0.051470246666976305,0.09776894190413077,5.332128332580208
2022-01-24,1927,20627,-9.805396990140116,0.3559491948814184,-4.83673317455442,10111,103785,2022-01-01,2020,-0.575254620897756,4.169,-1.80206927953466,2,False,True,1927.0,2213.0,2600.0,,,2462.5,512.2411541451936,,,,,0.03900991641327078,-0.08871217141594878,0.09342124400058176,5.247016087182148
2022-01-31,2283,24808,-9.79150240911082,0.3786913827086008,-5.136347182441771,12010,125553,2022-01-01,2020,-0.575254620897756,4.169,-1.80206927953466,2,False,True,2283.0,1927.0,2213.0,3110.0,,2255.75,276.37821308248346,,,,,0.011670291716035678,0.20269549619430838,0.09202676555949693,5.260621988611476
2022-02-07,2844,24915,-9.837025316455692,0.3654586901832629,-5.895975921629406,15394,125781,2022-01-01,2020,-0.575254620897756,4.169,-1.80206927953466,2,False,True,2844.0,2283.0,1927.0,2600.0,,2316.75,383.7537187659119,,,,,0.023837220586680172,0.004313124798452028,0.11414810355207707,5.412798874824191
2022-02-14,3252,25941,-9.8310270602706,0.34742067981934,-6.168171243626868,16775,126588,2022-01-01,2020,-0.575254620897756,4.169,-1.80206927953466,2,False,True,3252.0,2844.0,2283.0,2213.0,,2576.5,587.6078624388887,,,,,0.021449209624311186,0.04118001204093913,0.12536139701630622,5.158364083640836
2022-02-21,2087,21184,-9.81839961667465,0.3618779283855059,-5.011187340433592,10922,104682,2022-01-01,2020,-0.575254620897756,4.169,-1.80206927953466,2,False,True,2087.0,3252.0,2844.0,1927.0,,2616.5,531.416032878196,2539.5,,3252.0,,0.02020796257775669,-0.18337766470066685,0.09851774924471299,5.2333493052228075
2022-02-28,2184,21562,-9.84661172161172,0.3246725167366456,-5.4470339081135215,11012,101926,2022-01-01,2020,-0.575254620897756,4.169,-1.80206927953466,2,False,True,2184.0,2087.0,3252.0,2283.0,,2591.75,553.9532922548615,2423.75,,3252.0,,0.011807666292418677,0.01784365558912393,0.1012893052592524,5.042124542124542
2022-03-07,2478,24285,-9.854923325262304,0.3246655590680564,-5.468640491919985,12771,111430,2022-01-01,2020,-0.575254620897756,4.169,-1.80206927953466,2,False,True,2478.0,2184.0,2087.0,2844.0,,2500.25,528.0191757881526,2408.5,,3252.0,,0.016259234275380077,0.1262869863649012,0.10203829524397777,5.153753026634383
2022-03-14,2251,20776,-9.868058640604168,0.3071831999597782,-5.383925680128985,11917,102110,2022-01-01,2020,-0.575254620897756,4.169,-1.80206927953466,2,False,True,2251.0,2478.0,2184.0,3252.0,,2250.0,166.24279433005972,2413.25,,3252.0,,0.021010934475195746,-0.14449248507309043,0.1083461686561417,5.2940915148822745
2022-03-21,2611,26737,-9.839908081194944,0.3507417307116997,-6.058270387530817,14679,126223,2022-01-01,2020,-0.575254620897756,4.169,-1.80206927953466,2,False,True,2611.0,2251.0,2478.0,2087.0,,2381.0,198.34145641628524,2498.75,411.960354079532,3252.0,29840.0,0.012125867470464595,0.2869175972275704,0.09765493510865093,5.621983914209116
2022-03-28,6594,34097,-9.89353958143767,0.2908600056283877,-6.938165468036313,33930,168600,2022-01-01,2020,-0.575254620897756,4.169,-1.80206927953466,2,False,True,6594.0,2611.0,2251.0,2184.0,3110.0,3483.5,2078.9863716083696,3037.625,1255.4226379988534,6594.0,33324.0,0.022743642818071633,0.27527396491753,0.19338944775200165,5.145586897179254
2022-04-04,4745,25993,-9.888092729188616,0.286933413842979,-6.558510005650732,24453,133805,2022-01-01,2020,-0.575254620897756,4.169,-1.80206927953466,2,False,True,4745.0,6594.0,2611.0,2478.0,2600.0,4050.25,2021.7222649678338,3275.25,1374.945362550818,6594.0,35469.0,0.024274237657450248,-0.23767486875678212,0.1825491478474974,5.153424657534247
2022-04-11,6495,27799,-9.878829869130099,0.2942156414990683,-7.05979297379725,33091,142226,2022-01-01,2020,-0.575254620897756,4.169,-1.80206927953466,2,False,True,6495.0,4745.0,6594.0,2251.0,2213.0,5111.25,1870.7129434166716,3680.625,1685.2805247108554,6594.0,39751.0,0.02422954138492692,0.06948024468126035,0.23364149789560776,5.094842186297152
2022-04-18,5592,28107,-9.867846924177394,0.3030102585244892,-5.785025921114486,29751,144869,2022-01-01,2020,-0.575254620897756,4.169,-1.80206927953466,2,False,True,5592.0,6495.0,4745.0,2611.0,1927.0,5856.5,867.3678573707931,4118.75,1742.4753030726665,6594.0,43416.0,0.011263786920696503,0.011079535235080318,0.1989539972248906,5.320278969957082
2022-04-25,4470,23685,-9.88109619686801,0.3065820162693611,-6.328691250913482,22799,122312,2022-01-01,2020,-0.575254620897756,4.169,-1.80206927953466,2,False,True,4470.0,5592.0,6495.0,6594.0,2283.0,5325.5,914.259809900884,4404.5,1704.099875700845,6594.0,45603.0,0.008396175764442312,-0.15732735617461846,0.18872704243191893,5.100447427293065
2022-05-02,3825,25528,-9.85503267973856,0.3447019894580793,-6.3355982858766415,19730,127451,2022-01-01,2020,-0.575254620897756,4.169,-1.80206927953466,2,False,True,3825.0,4470.0,5592.0,4745.0,2844.0,5095.5,1184.6986958716552,4572.875,1677.3767940122777,6594.0,46584.0,0.011941253970693668,0.07781296179016262,0.1498354747727985,5.158169934640523
2022-05-09,9914,37849,-9.915624369578378,0.2597187455854211,-6.399378689607923,45404,182267,2022-01-01,2020,-0.575254620897756,4.169,-1.80206927953466,2,False,True,9914.0,3825.0,4470.0,6495.0,3252.0,5950.25,2741.5010942912277,5530.75,2397.709620500869,9914.0,53246.0,0.02608525587685313,0.4826465057975555,0.2619355861449444,4.579786160984466
2022-05-16,4912,26766,-9.889149022801304,0.2982647305737594,-6.22001206727468,23352,130232,2022-01-01,2020,-0.575254620897756,4.169,-1.80206927953466,2,False,True,4912.0,9914.0,3825.0,5592.0,2087.0,5780.25,2791.74406360373,5818.375,2281.870383472666,9914.0,56071.0,0.024954243743919836,-0.29282147480778886,0.18351640140476724,4.754071661237785
2022-05-23,4995,27415,-9.89239239239239,0.2993153684827326,-5.732262471280568,22786,132093,2022-01-01,2020,-0.575254620897756,4.169,-1.80206927953466,2,False,True,4995.0,4912.0,9914.0,4470.0,2184.0,5911.5,2721.0574537607004,5618.5,2143.249140624551,9914.0,58882.0,0.024970339185449688,0.024247179257266716,0.18219952580703994,4.561761761761762
2022-05-30,3580,23065,-9.87388268156424,0.3119614244598327,-6.15209568071035,17291,113641,2022-01-01,2020,-0.575254620897756,4.169,-1.80206927953466,2,False,True,3580.0,4995.0,4912.0,3825.0,2478.0,5850.25,2785.669563438325,5472.875,2051.357436755801,9914.0,59984.0,0.017246321552770207,-0.15867225971183663,0.15521352698894428,4.829888268156425
2022-06-06,2741,21000,-9.854432688799706,0.3363168056074095,-5.437892960589872,14172,103897,2022-01-01,2020,-0.575254620897756,4.169,-1.80206927953466,2,False,True,2741.0,3580.0,4995.0,9914.0,2251.0,4057.0,1090.9100176763743,5003.625,1995.8165109685165,9914.0,60474.0,0.01734612151151748,-0.08952959028831564,0.13052380952380951,5.170375775264502
2022-06-13,3369,25549,-9.86969427129712,0.3190301258957358,-5.709488880946217,15927,125355,2022-01-01,2020,-0.575254620897756,4.169,-1.80206927953466,2,False,True,3369.0,2741.0,3580.0,4912.0,2611.0,3671.25,951.7283838715053,4725.75,1922.6212378527448,9914.0,61232.0,0.01561920317129273,0.2166190476190477,0.1318642608321265,4.727515583259128
2022-06-20,2873,22656,-9.855725722241559,0.3287777609730016,-5.382611355454934,14353,111621,2022-01-01,2020,-0.575254620897756,4.169,-1.80206927953466,2,False,True,2873.0,3369.0,2741.0,4995.0,6594.0,3140.75,398.55102140964,4526.125,1959.9330906173725,9914.0,57511.0,0.009811678286090428,-0.11323339465341109,0.12680967514124294,4.995823181343543
2022-06-27,2880,22110,-9.83350694444444,0.3390302353371622,-5.772540342433339,14082,110214,2022-01-01,2020,-0.575254620897756,4.169,-1.80206927953466,2,False,True,2880.0,2873.0,3369.0,3580.0,4745.0,2965.75,276.3323783658621,4408.0,2036.4981902245515,9914.0,55646.0,0.014918645176666403,-0.024099576271186418,0.13025780189959293,4.889583333333333
2022-07-04,3144,23367,-9.885178117048344,0.2971651511024361,-5.301042884985352,14251,109361,2022-01-01,2020,-0.575254620897756,4.169,-1.80206927953466,2,False,True,3144.0,2880.0,2873.0,2741.0,6495.0,3066.5,237.86340618094383,3561.75,1987.7536182760907,4995.0,52295.0,0.021938209041957306,0.056852103120759834,0.13454872255745282,4.532760814249364
2022-07-11,2886,34799,-9.87110187110187,0.303959939922933,-3.530293823968956,13128,159493,2022-01-01,2020,-0.575254620897756,4.169,-1.80206927953466,2,False,True,2886.0,3144.0,2880.0,3369.0,5592.0,2945.75,132.27339112610915,3308.5,1988.5166448812265,4995.0,49589.0,0.022134010197380437,0.48923695810330803,0.0829334176269433,4.548856548856548
2022-07-18,2623,20997,-9.840640487990843,0.3395984773972974,-5.82183559777543,13128,100284,2022-01-01,2020,-0.575254620897756,4.169,-1.80206927953466,2,False,True,2623.0,2886.0,3144.0,2873.0,4470.0,2883.25,212.71165929492594,3012.0,2031.038135804176,3580.0,47742.0,0.024569311812391883,-0.39662059254576276,0.12492260799161785,5.004956157072055
2022-07-25,2724,19580,-9.849118942731277,0.3319158850955418,-5.753136243304892,12751,95006,2022-01-01,2020,-0.575254620897756,4.169,-1.80206927953466,2,False,True,2724.0,2623.0,2886.0,2880.0,3825.0,2844.25,227.30651112539792,2905.0,2063.216074041158,3369.0,46641.0,0.020340915970049396,-0.06748583130923469,0.13912155260469866,4.680983847283406
2022-08-01,7066,30550,-9.86505802434193,0.3173632580160685,-7.031510359955818,35700,154446,2022-01-01,2020,-0.575254620897756,4.169,-1.80206927953466,2,False,True,7066.0,2724.0,2623.0,3144.0,9914.0,3824.75,2163.5469912468584,3445.625,1346.018671917855,7066.0,43793.0,0.014052958417104681,0.5602655771195098,0.23129296235679214,5.052363430512313
2022-08-08,6103,26183,-9.875634933639205,0.307799549820826,-7.148005336925148,30946,131234,2022-01-01,2020,-0.575254620897756,4.169,-1.80206927953466,2,False,True,6103.0,7066.0,2724.0,2886.0,4912.0,4629.0,2292.3573019928635,3787.375,1484.3785558171098,7066.0,44984.0,0.015710226523886463,-0.14294599018003273,0.2330901730130237,5.070621006062592
2022-08-15,3479,21762,-9.865622305260132,0.3123987715097527,-5.90534874694204,17029,104868,2022-01-01,2020,-0.575254620897756,4.169,-1.80206927953466,2,False,True,3479.0,6103.0,7066.0,2623.0,4995.0,4843.0,2072.0349096158266,3863.125,1432.2591394102653,7066.0,43468.0,0.01096188556421307,-0.1688500171867242,0.15986582115614373,4.894797355561943
2022-08-22,2321,19852,-9.831107281344249,0.348515357529662,-5.722041891688678,11645,95984,2022-01-01,2020,-0.575254620897756,4.169,-1.80206927953466,2,False,True,2321.0,3479.0,6103.0,2724.0,3580.0,4742.25,2214.3250852874635,3793.25,1480.9276858125286,7066.0,42209.0,0.019448851283997325,-0.08776766841282968,0.11691517227483376,5.01723395088324
2022-08-29,3145,19783,-9.842130365659774,0.3376161220221299,-6.3399930336290256,16410,98741,2022-01-01,2020,-0.575254620897756,4.169,-1.80206927953466,2,False,True,3145.0,2321.0,3479.0,7066.0,2741.0,3762.0,1634.7823504470964,3793.375,1466.1912598996255,7066.0,42613.0,0.02055518408126145,-0.0034757203304452977,0.15897487742000707,5.217806041335453
2022-09-05,3962,20992,-9.902700656234224,0.2676447353528625,-6.409474557477593,19405,103048,2022-01-01,2020,-0.575254620897756,4.169,-1.80206927953466,2,False,True,3962.0,3145.0,2321.0,6103.0,3369.0,3226.75,690.7215430258416,3927.875,1469.4859645467834,7066.0,43206.0,0.03166733599638653,0.06111307688419343,0.18873856707317074,4.897778899545684
2022-09-12,2889,20077,-9.881619937694705,0.3003426129314936,-5.89134555738254,14025,95412,2022-01-01,2020,-0.575254620897756,4.169,-1.80206927953466,2,False,True,2889.0,3962.0,3145.0,3479.0,2873.0,3079.25,681.8378961796316,3961.125,1468.772946951625,7066.0,43222.0,0.03350526234969349,-0.04358803353658536,0.1438960003984659,4.854620976116303
2022-09-19,2631,22332,-9.86126947928544,0.3125166824074524,-6.151352403460272,12834,108709,2022-01-01,2020,-0.575254620897756,4.169,-1.80206927953466,2,False,True,2631.0,2889.0,3962.0,2321.0,2880.0,3156.75,576.3878179374249,3949.5,1481.600514083781,7066.0,42973.0,0.026092100249442574,0.11231757732728997,0.1178130037614186,4.877993158494869
2022-09-26,2714,16739,-9.852616064848934,0.3201354451763003,-6.586333675483129,13513,83211,2022-01-01,2020,-0.575254620897756,4.169,-1.80206927953466,2,False,True,2714.0,2631.0,2889.0,3145.0,3144.0,3049.0,618.0933047148568,3405.5,1498.2390951926288,6103.0,42543.0,0.022360032779245295,-0.25044778792763744,0.16213632833502598,4.978997789240973
2022-10-03,3171,18664,-9.871176285083573,0.2985905441868578,-6.592688859419281,16009,91723,2022-01-01,2020,-0.575254620897756,4.169,-1.80206927953466,2,False,True,3171.0,2714.0,2631.0,3962.0,2886.0,2851.25,238.75562820591145,3039.0,1489.0695081157194,3962.0,42828.0,0.012523124726792477,0.11500089611087883,0.16989927132447494,5.048565121412803
2022-10-10,4128,20919,-9.884689922480618,0.2885474106873718,-7.127617168348361,20523,100903,2022-01-01,2020,-0.575254620897756,4.169,-1.80206927953466,2,False,True,4128.0,3171.0,2714.0,2889.0,2623.0,3161.0,686.9978165904164,3120.125,1465.3395795286922,4128.0,44333.0,0.013776114765013297,0.120820831547364,0.19733256847841674,4.971656976744186
2022-10-17,3184,22189,-9.852229899497484,0.3240414791529226,-6.314248354384051,15581,104785,2022-01-01,2020,-0.575254620897756,4.169,-1.80206927953466,2,False,True,3184.0,4128.0,3171.0,2631.0,2724.0,3299.25,594.1589994830223,3228.0,1443.4996693641938,4128.0,44793.0,0.015728425055601992,0.060710359003776526,0.1434945243138492,4.893530150753769
2022-10-24,3928,24313,-9.87385437881873,0.3072607665928283,-6.38570004575624,19496,115643,2022-01-01,2020,-0.575254620897756,4.169,-1.80206927953466,2,False,True,3928.0,3184.0,4128.0,2714.0,7066.0,3602.75,497.8067730890498,3325.875,1001.253044485209,4128.0,41655.0,0.013501346577780737,0.09572310604353507,0.16155965944145106,4.963340122199592
2022-10-31,3091,22475,-9.883532837269492,0.2881543890259046,-5.39414700506684,14533,105824,2022-01-01,2020,-0.575254620897756,4.169,-1.80206927953466,2,False,True,3091.0,3928.0,3184.0,3171.0,6103.0,3582.75,521.9561763213453,3217.0,563.2740532732705,4128.0,38643.0,0.015037634792296002,-0.07559741701970135,0.1375305895439377,4.70171465545131
2022-11-07,1837,16490,-9.872618399564503,0.30041067161813,-5.292264740906521,8836,81429,2022-01-01,2020,-0.575254620897756,4.169,-1.80206927953466,2,False,True,1837.0,3091.0,3928.0,4128.0,3479.0,3010.0,867.081311066038,3085.5,681.6959410621394,4128.0,37001.0,0.013157723040016063,-0.26629588431590656,0.11140084899939358,4.810016330974415
2022-11-14,2879,19203,-9.868009725599165,0.3168006410781394,-5.719677351957458,13870,93009,2022-01-01,2020,-0.575254620897756,4.169,-1.80206927953466,2,False,True,2879.0,1837.0,3091.0,3184.0,2321.0,2933.75,860.0617710374061,3116.5,642.8885748688956,4128.0,37559.0,0.006523623711956382,0.16452395391146157,0.1499244909649534,4.817645015630427
2022-11-21,2596,16585,-9.828197226502311,0.3576178749956295,-6.638268402773323,12812,83524,2022-01-01,2020,-0.575254620897756,4.169,-1.80206927953466,2,False,True,2596.0,2879.0,1837.0,3928.0,3145.0,2600.75,548.0586191275523,3101.75,660.9968825855901,4128.0,37010.0,0.024155119094442287,-0.13633286465656402,0.15652698221284292,4.935285053929122
2022-11-28,3954,23001,-9.861279716742535,0.3254380474846793,-6.795830260413184,19149,111645,2022-01-01,2020,-0.575254620897756,4.169,-1.80206927953466,2,False,True,3954.0,2596.0,2879.0,3091.0,3962.0,2816.5,876.7084273957141,3199.625,660.0343654964894,4128.0,37002.0,0.02009938946858801,0.3868555924027737,0.1719055693230729,4.8429438543247345
2022-12-05,3421,20529,-9.88102893890675,0.3003792817505646,-6.495317845535386,16925,102680,2022-01-01,2020,-0.575254620897756,4.169,-1.80206927953466,2,False,True,3421.0,3954.0,2596.0,1837.0,2889.0,3212.5,601.2733709941477,3111.25,663.6393918569272,3954.0,37534.0,0.022500927371384653,-0.10747358810486496,0.16664231087729553,4.947383805904706
2022-12-12,2369,16662,-9.867032503165888,0.32919283355306,-5.956903331759542,11057,83712,2022-01-01,2020,-0.575254620897756,4.169,-1.80206927953466,2,False,True,2369.0,3421.0,3954.0,2879.0,2631.0,3085.0,734.809272305859,3009.375,685.4231606029219,3954.0,37272.0,0.022384604550876618,-0.18836767499634666,0.14217981034689714,4.667370198395948
2022-12-19,1841,17083,-9.84736556219446,0.331834265678833,-5.886285937731148,9878,88616,2022-01-01,2020,-0.575254620897756,4.169,-1.80206927953466,2,False,True,1841.0,2369.0,3421.0,2596.0,2714.0,2896.25,963.6290347777334,2748.5,771.7102759455712,3954.0,36399.0,0.013942267082532859,0.025267074780938703,0.10776795644793069,5.365562194459533
2022-12-26,1968,19532,-9.823678861788618,0.3517091430744165,-5.353907186607392,10108,102527,2022-01-01,2020,-0.575254620897756,4.169,-1.80206927953466,2,False,True,1968.0,1841.0,2369.0,3954.0,3171.0,2399.75,717.0557277273964,2608.125,828.2558893130839,3954.0,35196.0,0.024909069724593415,0.14335889480770359,0.10075773090313332,5.1361788617886175
2023-01-02,3424,27118,-9.8706191588785,0.313855840430534,-6.258016306263726,16538,134990,2023-01-01,2021,1.47965474722561,4.812,9.33534690236249,2,False,True,3424.0,1968.0,1841.0,3421.0,4128.0,2400.5,718.4801087480892,2806.5,757.8582661125632,3954.0,34492.0,0.021572304607199014,0.38838828588982177,0.1262629987462202,4.830023364485982
2023-01-09,3180,23371,-9.8625786163522,0.3107322503506234,-6.8102289283425534,14918,116040,2023-01-01,2021,1.47965474722561,4.812,9.33534690236249,2,False,True,3180.0,3424.0,1968.0,2369.0,3184.0,2603.25,814.6244022042711,2844.125,757.7105467969031,3954.0,34488.0,0.02064473151471572,-0.1381739066302825,0.13606606478113903,4.691194968553459
2023-01-16,2926,23755,-9.850649350649352,0.3214463926190238,-6.234921608908056,14061,118886,2023-01-01,2021,1.47965474722561,4.812,9.33534690236249,2,False,True,2926.0,3180.0,3424.0,1841.0,3928.0,2874.5,637.619269888648,2885.375,682.4753741810947,3954.0,33486.0,0.02051369585263929,0.01643061914338273,0.12317406861713323,4.805536568694463
2023-01-23,7751,35279,-9.895110308347306,0.2820946262392799,-7.701554093985862,40239,180454,2023-01-01,2021,1.47965474722561,4.812,9.33534690236249,2,False,True,7751.0,2926.0,3180.0,1968.0,3091.0,4320.25,2296.1861676847257,3360.0,1590.6009632344671,7751.0,38146.0,0.01879861495523923,0.4851189223321406,0.2197057739731852,5.191459166559154
2023-01-30,5665,35045,-9.869726390114735,0.3105825569807241,-6.775880410554309,27063,166811,2023-01-01,2021,1.47965474722561,4.812,9.33534690236249,2,False,True,5665.0,7751.0,2926.0,3424.0,1837.0,4880.5,2277.9362736184407,3640.5,1678.4598369464834,7751.0,41974.0,0.01878998521610323,-0.006632841066923634,0.1616493080325296,4.777228596646072
2023-02-06,3837,22352,-9.890409173833726,0.2864087885519978,-7.459589363886802,19391,112308,2023-01-01,2021,1.47965474722561,4.812,9.33534690236249,2,False,True,3837.0,5665.0,7751.0,3180.0,2879.0,5044.75,2133.5620255025788,3824.0,1669.1070194640708,7751.0,42932.0,0.02044459025177849,-0.36219146811242686,0.17166249105225484,5.053687776909044
2023-02-13,3650,26057,-9.854657534246574,0.3296966317430042,-6.693140964720566,17671,131556,2023-01-01,2021,1.47965474722561,4.812,9.33534690236249,2,False,True,3650.0,3837.0,5665.0,2926.0,2596.0,5225.75,1913.238332426639,4050.125,1640.2352104056715,7751.0,43986.0,0.018788069343140146,0.16575697924123123,0.14007752235483747,4.841369863013699
2023-02-20,4837,28220,-9.88918751292123,0.2843827595950148,-7.537474525520663,24024,143024,2023-01-01,2021,1.47965474722561,4.812,9.33534690236249,2,False,True,4837.0,3650.0,3837.0,7751.0,3954.0,4497.25,936.8089008259191,4408.75,1673.8168933381676,7751.0,44869.0,0.017091847170168966,0.0830103235215105,0.1714032600992204,4.96671490593343
2023-02-27,5692,29107,-9.855147575544622,0.3198793855552519,-6.865339478101548,28179,147249,2023-01-01,2021,1.47965474722561,4.812,9.33534690236249,2,False,True,5692.0,4837.0,3650.0,5665.0,3421.0,4504.0,948.0573119103436,4692.25,1760.712992632313,7751.0,47140.0,0.020154258042260908,0.03143160878809348,0.19555433400900127,4.950632466619817
2023-03-06,5421,29010,-9.879265818114742,0.2943908207510098,-7.064068901846701,28035,147030,2023-01-01,2021,1.47965474722561,4.812,9.33534690236249,2,False,True,5421.0,5692.0,4837.0,3837.0,2369.0,4900.0,906.4903014741343,4972.375,1735.2369674869562,7751.0,50192.0,0.017409226940026022,-0.0033325316934070814,0.18686659772492245,5.171555063641395
2023-03-13,3635,25834,-9.862723521320495,0.3101205391455471,-6.534177665954445,18512,131993,2023-01-01,2021,1.47965474722561,4.812,9.33534690236249,2,False,True,3635.0,5421.0,5692.0,3650.0,1841.0,4896.25,913.3897944835307,5061.0,1586.0142629952097,7751.0,51986.0,0.015465640352572724,-0.10947948983109268,0.14070604629557948,5.092709766162311
2023-03-20,2978,21344,-9.836299529885828,0.3374239091469435,-6.397771328746056,15135,108933,2023-01-01,2021,1.47965474722561,4.812,9.33534690236249,2,False,True,2978.0,3635.0,5421.0,4837.0,1968.0,4431.5,1331.045328554466,4464.375,1471.836473953748,5692.0,52996.0,0.017823931092227775,-0.1738019664008671,0.139523988005997,5.08226997985225
2023-03-27,4864,43632,-9.83079769736842,0.3476505276210204,-6.000388510197892,27520,233202,2023-01-01,2021,1.47965474722561,4.812,9.33534690236249,2,False,True,4864.0,2978.0,3635.0,5692.0,3424.0,4224.5,1116.8176514841923,4364.25,1441.974929383203,5692.0,54436.0,0.0227608288430802,1.0442278860569716,0.11147781444811147,5.657894736842105
2023-04-03,14739,53856,-9.8781803378791,0.3048910112584964,-6.702126950846384,77756,285516,2023-01-01,2021,1.47965474722561,4.812,9.33534690236249,2,False,True,14739.0,4864.0,2978.0,5421.0,3180.0,6554.0,5512.369786821878,5727.0,3219.158118580733,14739.0,65995.0,0.022334177093766356,0.23432343234323438,0.27367424242424243,5.2755275120428795
2023-04-10,7063,33643,-9.87823870876398,0.306353307681351,-6.046188714362622,33167,170083,2023-01-01,2021,1.47965474722561,4.812,9.33534690236249,2,False,True,7063.0,14739.0,4864.0,3635.0,2926.0,7411.0,5162.666817320935,6153.625,3139.013722734445,14739.0,70132.0,0.0258826430826916,-0.3753156565656566,0.20993966055345836,4.695879937703525
2023-04-17,3680,28353,-9.851358695652175,0.3273329118058999,-5.6255348316188645,17898,139089,2023-01-01,2021,1.47965474722561,4.812,9.33534690236249,2,False,True,3680.0,7063.0,14739.0,2978.0,7751.0,7586.5,4970.079040283632,6009.0,3134.2006798408993,14739.0,66061.0,0.023022557485765465,-0.15723924739173079,0.12979226184178042,4.863586956521739
2023-04-24,4040,27922,-9.868316831683169,0.3150686797391542,-6.2714133651431645,19702,140535,2023-01-01,2021,1.47965474722561,4.812,9.33534690236249,2,False,True,4040.0,3680.0,7063.0,4864.0,5665.0,7380.5,5134.879712969591,5802.5,3161.6479688269983,14739.0,64436.0,0.01266639181960147,-0.015201213275491177,0.1446887758756536,4.876732673267327
2023-05-01,6545,35682,-9.884797555385791,0.2938700742367625,-7.576979185822611,32349,175024,2023-01-01,2021,1.47965474722561,4.812,9.33534690236249,2,False,True,6545.0,4040.0,3680.0,14739.0,3837.0,5332.0,1719.117797011014,5943.0,3138.8682480773036,14739.0,67144.0,0.014552626310511907,0.2779170546522456,0.18342581693851243,4.942551566080978
2023-05-08,11805,45188,-9.902202456586195,0.2772496987736405,-6.98407230283405,60587,230624,2023-01-01,2021,1.47965474722561,4.812,9.33534690236249,2,False,True,11805.0,6545.0,4040.0,7063.0,3650.0,6517.5,3748.2362518923487,6964.25,3536.9615737582494,14739.0,75299.0,0.021820487617672104,0.26640883358556144,0.2612419226343277,5.132316814908937
2023-05-15,4739,30852,-9.861046634311032,0.3246094541758729,-5.943399302243644,23501,156186,2023-01-01,2021,1.47965474722561,4.812,9.33534690236249,2,False,True,4739.0,11805.0,6545.0,3680.0,4837.0,6782.25,3510.893084387504,7184.375,3540.6946448658664,14739.0,75201.0,0.018333812441097778,-0.31725236788527933,0.15360430442110723,4.959063093479637
2023-05-22,4344,26060,-9.84185082872928,0.339932514647577,-7.128225975740319,21776,129633,2023-01-01,2021,1.47965474722561,4.812,9.33534690236249,2,False,True,4344.0,4739.0,11805.0,4040.0,5692.0,6858.25,3434.1973710509615,7119.375,3581.7328071081956,14739.0,73853.0,0.02648278971373667,-0.15532218332685077,0.1666922486569455,5.012891344383057
2023-05-29,4998,29278,-9.86144457783113,0.328671399672971,-6.463043569921572,24719,140155,2023-01-01,2021,1.47965474722561,4.812,9.33534690236249,2,False,True,4998.0,4344.0,4739.0,6545.0,5421.0,6471.5,3565.8209433453053,5901.75,3591.674687469073,11805.0,73430.0,0.02541305059672927,0.1234842670759786,0.17070838172006284,4.9457783113245295
2023-06-05,4338,28342,-9.862840018441679,0.3172068738596231,-6.4928521023977535,21278,137360,2023-01-01,2021,1.47965474722561,4.812,9.33534690236249,2,False,True,4338.0,4998.0,4344.0,11805.0,3635.0,4604.75,322.3945564056629,5561.125,3552.997252640752,11805.0,74133.0,0.009992755212176184,-0.031969396816722506,0.15305906428621832,4.905025357307515
2023-06-12,3700,28051,-9.848783783783784,0.3348079818431361,-6.793422683480331,17464,136348,2023-01-01,2021,1.47965474722561,4.812,9.33534690236249,2,False,True,3700.0,4338.0,4998.0,4739.0,2978.0,4345.0,529.9320711185578,5563.625,3499.5985343343536,11805.0,74855.0,0.010133885597352194,-0.010267447604262236,0.13190260596770167,4.72
2023-06-19,9357,35890,-9.848829753126001,0.3368997815120856,-7.973202488391402,44994,176826,2023-01-01,2021,1.47965474722561,4.812,9.33534690236249,2,False,True,9357.0,3700.0,4338.0,4344.0,4864.0,5598.25,2561.2552098531696,6228.25,3578.6979433443353,11805.0,79348.0,0.00772034186906548,0.2794552778867063,0.2607132906101978,4.8085924975953835
2023-06-26,3823,27329,-9.826314412764845,0.3606685932239042,-6.144092393229448,19454,134276,2023-01-01,2021,1.47965474722561,4.812,9.33534690236249,2,False,True,3823.0,9357.0,3700.0,4998.0,14739.0,5304.5,2715.765146939871,5888.0,2570.5608985848467,11805.0,68432.0,0.015110152314970201,-0.2385344106993591,0.13988803102930952,5.088673816374575
2023-07-03,10013,40518,-9.835463896933987,0.3458672116090144,-7.204305138378081,50124,207173,2023-01-01,2021,1.47965474722561,4.812,9.33534690236249,2,False,True,10013.0,3823.0,9357.0,4338.0,7063.0,6723.25,3430.7717669158164,5664.0,2839.476184087481,10013.0,71382.0,0.010998461470980995,0.4826009001427056,0.24712473468581864,5.005892339958055
2023-07-10,4271,30637,-9.80098337625849,0.3670682219738875,-6.632151796538495,22318,158138,2023-01-01,2021,1.47965474722561,4.812,9.33534690236249,2,False,True,4271.0,10013.0,3823.0,3700.0,3680.0,6866.0,3271.216083762531,5605.5,2801.423051528699,10013.0,71973.0,0.020184860704192058,-0.24386692334271187,0.13940659986291085,5.225474127838914
2023-07-17,3784,35075,-9.821749471458771,0.3671769759498937,-5.899655468778432,19151,174124,2023-01-01,2021,1.47965474722561,4.812,9.33534690236249,2,False,True,3784.0,4271.0,10013.0,9357.0,4040.0,5472.75,3034.8874086748815,5535.5,2818.609020528754,10013.0,71717.0,0.014590052667853749,0.14485752521460982,0.10788310762651461,5.061046511627907
2023-07-24,3953,33654,-9.827219833038196,0.3539078920337861,-6.745071362442729,20447,173757,2023-01-01,2021,1.47965474722561,4.812,9.33534690236249,2,False,True,3953.0,3784.0,4271.0,3823.0,6545.0,5505.25,3011.9409439761607,5404.875,2869.925259031016,10013.0,69125.0,0.014703921222229532,-0.04051318602993581,0.11746003446841385,5.172527194535796
2023-07-31,5874,28452,-9.85589036431733,0.3495907932085348,-7.389941810162347,27566,139950,2023-01-01,2021,1.47965474722561,4.812,9.33534690236249,2,False,True,5874.0,3953.0,3784.0,10013.0,11805.0,4470.5,957.2009541714175,5596.875,2156.2951743181816,10013.0,63194.0,0.022641931043842926,-0.1545730076662507,0.20645297342893293,4.692883895131086
2023-08-07,4109,26189,-9.855560963738135,0.3293222185883235,-6.9657748702352205,20821,131094,2023-01-01,2021,1.47965474722561,4.812,9.33534690236249,2,False,True,4109.0,5874.0,3953.0,4271.0,4739.0,4430.0,971.7719211145545,5648.0,2177.858678666369,10013.0,62564.0,0.018175234957370247,-0.0795374666104316,0.15689793424720302,5.06716962764663
2023-08-14,3951,25803,-9.864717792963807,0.315603364415156,-7.274358242598854,19804,129009,2023-01-01,2021,1.47965474722561,4.812,9.33534690236249,2,False,True,3951.0,4109.0,5874.0,3784.0,4344.0,4471.75,937.7588087207384,4972.25,2195.012713085293,10013.0,62171.0,0.016312560534961468,-0.014739012562526299,0.1531217300313917,5.0124019235636545
2023-08-21,4976,25543,-9.880827974276526,0.301530764198259,-7.5953282861563824,23827,126222,2023-01-01,2021,1.47965474722561,4.812,9.33534690236249,2,False,True,4976.0,3951.0,4109.0,3953.0,4998.0,4727.5,887.2633956911209,5116.375,2195.1885592372373,10013.0,62149.0,0.01183822789622059,-0.01007634771150645,0.19480875386602983,4.78838424437299
2023-08-28,4383,28450,-9.84040611453343,0.3368153254646422,-7.340560906744415,21676,140454,2023-01-01,2021,1.47965474722561,4.812,9.33534690236249,2,False,True,4383.0,4976.0,3951.0,5874.0,4338.0,4354.75,450.9829080279412,4412.625,2193.65903679149,5874.0,62194.0,0.016922522449279838,0.11380808832165368,0.1540597539543058,4.945471138489619
2023-09-04,4146,30777,-9.839725036179455,0.3430324171471411,-7.220847902070635,20274,149498,2023-01-01,2021,1.47965474722561,4.812,9.33534690236249,2,False,True,4146.0,4383.0,4976.0,4109.0,3700.0,4364.0,444.59644622961747,4397.0,2169.9013802474983,5874.0,62640.0,0.019998074229662047,0.08179261862917397,0.13471098547616728,4.890014471780029
2023-09-11,3445,27105,-9.852685050798256,0.3290907401282037,-6.721226121915472,17499,131618,2023-01-01,2021,1.47965474722561,4.812,9.33534690236249,2,False,True,3445.0,4146.0,4383.0,3951.0,9357.0,4237.5,633.2406072470968,4354.625,1781.6336391756922,5874.0,56728.0,0.019223684457908476,-0.11930987425675021,0.12709832134292565,5.079535558780842
2023-09-18,4877,34012,-9.866618823046958,0.3227704951404835,-6.991201255568963,24452,159332,2023-01-01,2021,1.47965474722561,4.812,9.33534690236249,2,False,True,4877.0,3445.0,4146.0,4976.0,3823.0,4212.75,595.5694054152478,4470.125,1758.8324553693574,5874.0,57782.0,0.01266139141645694,0.2548238332410995,0.14339056803481123,5.013737953660037
2023-09-25,3537,26406,-9.836584676279331,0.3469102236974878,-6.7228422323143295,17975,125372,2023-01-01,2021,1.47965474722561,4.812,9.33534690236249,2,False,True,3537.0,4877.0,3445.0,4383.0,10013.0,4001.25,661.5216675715708,4178.0,684.2225182975552,4976.0,51306.0,0.013712894333694365,-0.22362695519228504,0.13394683026584867,5.0819903873338985
2023-10-02,20671,84184,-9.794156064051082,0.3857734991835818,-6.465576915807125,108896,438750,2023-01-01,2021,1.47965474722561,4.812,9.33534690236249,2,False,True,20671.0,3537.0,4877.0,4146.0,4271.0,8132.5,8384.579874189683,6248.25,4782.057674899019,20671.0,67706.0,0.031400773487482964,2.1880633189426644,0.24554547182362443,5.268056697789174
2023-10-09,57466,299380,-9.772326245084049,0.4083757307307534,-5.718578078596709,294638,1515377,2023-01-01,2021,1.47965474722561,4.812,9.33534690236249,2,False,True,57466.0,20671.0,3537.0,3445.0,3784.0,21637.75,25120.761630903362,12937.625,15648.582052135724,57466.0,121388.0,0.04227870404004365,2.556257721182172,0.1919500300621284,5.1271708488497545
2023-10-16,43890,264322,-9.774846206425154,0.4030724074779402,-5.843501580327389,223555,1301590,2023-01-01,2021,1.47965474722561,4.812,9.33534690236249,2,False,True,43890.0,57466.0,20671.0,4877.0,3953.0,31391.0,23992.320590833504,17801.875,18249.46522317348,57466.0,161325.0,0.029716344517856496,-0.11710201082236626,0.16604747240108655,5.093529277739804
2023-10-23,36262,202744,-9.784609232805684,0.4002646739149184,-5.759674121713721,182277,1012436,2023-01-01,2021,1.47965474722561,4.812,9.33534690236249,2,False,True,36262.0,43890.0,57466.0,3537.0,5874.0,39572.25,15351.919106417932,21786.75,19187.807830913378,57466.0,191713.0,0.00997117621413776,-0.23296585225596056,0.1788560943850373,5.026667034361039
2023-10-30,37039,194577,-9.787305272820545,0.3927047818875869,-5.8210856656607195,190727,967896,2023-01-01,2021,1.47965474722561,4.812,9.33534690236249,2,False,True,37039.0,36262.0,43890.0,20671.0,4109.0,43664.25,9818.80014309284,25898.375,19684.661879124433,57466.0,224643.0,0.007299582840605824,-0.04028232648068497,0.1903565169572971,5.149356084127541
2023-11-06,30694,173661,-9.784990551899392,0.3984254983878619,-5.615773624634262,155763,859940,2023-01-01,2021,1.47965474722561,4.812,9.33534690236249,2,False,True,30694.0,37039.0,36262.0,57466.0,3951.0,36971.25,5409.26965957512,29304.5,19371.9243556861,57466.0,251386.0,0.005524375783714701,-0.10749471931420462,0.17674665008263227,5.074705154101779
2023-11-13,26859,155361,-9.759912878364787,0.412905599604559,-5.610539951979219,139232,796402,2023-01-01,2021,1.47965474722561,4.812,9.33534690236249,2,False,True,26859.0,30694.0,37039.0,43890.0,4976.0,32713.5,4818.552791035908,32052.25,18751.676717555078,57466.0,273269.0,0.012916123243005534,-0.10537771865876622,0.17288122501786163,5.183811757697606
2023-11-20,22971,151420,-9.743524443864002,0.4272867624984301,-5.334333716339003,118888,776397,2023-01-01,2021,1.47965474722561,4.812,9.33534690236249,2,False,True,22971.0,26859.0,30694.0,36262.0,4383.0,29390.75,5994.918313316143,34481.5,17840.085494385105,57466.0,291857.0,0.02099478268913673,-0.025366726527249472,0.15170387003037908,5.17556919594271
2023-11-27,22571,140366,-9.752403526649235,0.4199055271029354,-5.655660754158178,116047,712521,2023-01-01,2021,1.47965474722561,4.812,9.33534690236249,2,False,True,22571.0,22971.0,26859.0,37039.0,4146.0,25773.75,3807.870916492129,34719.0,16702.426670905334,57466.0,310282.0,0.01782800068205592,-0.07300224541011757,0.16080104868700398,5.141420406716583
2023-12-04,22592,116171,-9.791054355524082,0.3928459265045285,-5.907093751600954,115984,595093,2023-01-01,2021,1.47965474722561,4.812,9.33534690236249,2,False,True,22592.0,22571.0,22971.0,30694.0,3445.0,23748.25,2081.963396252027,30359.75,15215.123615297643,43890.0,329429.0,0.02066917982258042,-0.17237080204607957,0.19447194222310216,5.13385269121813
2023-12-11,20339,110245,-9.800211416490495,0.3844446304180441,-6.00624380420502,103057,557325,2023-01-01,2021,1.47965474722561,4.812,9.33534690236249,2,False,True,20339.0,22592.0,22571.0,26859.0,4877.0,22118.25,1200.3242270319884,27415.875,13709.74545522162,37039.0,344891.0,0.028009932982775473,-0.05101100963235228,0.18448909247584924,5.06696494419588
2023-12-18,18270,96882,-9.799644225506292,0.3881099780386208,-6.026901605923457,92718,488626,2023-01-01,2021,1.47965474722561,4.812,9.33534690236249,2,False,True,18270.0,20339.0,22592.0,22971.0,3537.0,20943.0,2071.9821427801785,25166.875,11769.925328668165,37039.0,359624.0,0.02267363349381925,-0.1212118463422377,0.18857992196692885,5.07487684729064
2023-12-25,20149,83686,-9.826567075289095,0.3694581669622252,-6.327203056983899,102232,425301,2023-01-01,2021,1.47965474722561,4.812,9.33534690236249,2,False,True,20149.0,18270.0,20339.0,22571.0,20671.0,20337.5,1769.4501029038954,23055.625,11808.314119015191,30694.0,359102.0,0.015380109432047234,-0.13620693214425794,0.24076906531558445,5.0738001885949675
2024-01-01,19232,86812,-9.83121880199667,0.3658599155208027,-6.5243062918298005,95320,427623,2024-01-01,2022,4.41162725488371,3.695,6.36407234798706,2,False,True,19232.0,20149.0,18270.0,22592.0,57466.0,19497.5,950.4071057534273,21622.875,8354.77828442014,26859.0,320868.0,0.01683209408287552,0.03735391821810108,0.2215361931530203,4.956322795341098
2024-01-08,18301,96385,-9.804163706901264,0.3824084393813261,-6.337966704159278,90610,471301,2024-01-01,2022,4.41162725488371,3.695,6.36407234798706,2,False,True,18301.0,19232.0,20149.0,20339.0,43890.0,18988.0,893.4856835263822,20553.125,6676.295617649249,22971.0,295279.0,0.015805450220703975,0.11027277334930652,0.1898739430409296,4.951095568548166
2024-01-15,17176,88503,-9.81200512342804,0.3755608745760432,-6.02338625204936,87300,445341,2024-01-01,2022,4.41162725488371,3.695,6.36407234798706,2,False,True,17176.0,18301.0,19232.0,18270.0,36262.0,18714.5,1273.258418389582,19828.75,5872.2049669815315,22592.0,276193.0,0.01257719943119734,-0.08177620999118118,0.1940725173157972,5.082673497904052
2024-01-22,14640,92085,-9.800546448087433,0.3857736929814558,-5.842690444264022,75612,470400,2024-01-01,2022,4.41162725488371,3.695,6.36407234798706,2,False,True,14640.0,17176.0,18301.0,20149.0,37039.0,17337.25,1984.9475853701035,18837.375,4379.888780240072,22592.0,253794.0,0.013686399953114457,0.04047320429815948,0.15898354780908944,5.164754098360656
2024-01-29,15139,87560,-9.80807847281855,0.3819242919769653,-5.960230685325471,77184,437221,2024-01-01,2022,4.41162725488371,3.695,6.36407234798706,2,False,True,15139.0,14640.0,17176.0,19232.0,30694.0,16314.0,1719.8947642224914,17905.75,3514.6853505878007,20339.0,238239.0,0.004944264259148907,-0.0491393820926318,0.17289858382823206,5.098355241429421
2024-02-05,14023,87245,-9.79405262782571,0.3848437239358986,-5.804201487610678,69803,423893,2024-01-01,2022,4.41162725488371,3.695,6.36407234798706,2,False,True,14023.0,15139.0,14640.0,18301.0,26859.0,15244.5,1366.1753181784316,17116.25,3119.792896923943,20149.0,225403.0,0.007982466984053166,-0.0035975331201462124,0.16073127399850995,4.9777508379091495
2024-02-12,15970,98753,-9.758954289292424,0.4111024582447177,-5.886563089213784,81518,489326,2024-01-01,2022,4.41162725488371,3.695,6.36407234798706,2,False,True,15970.0,14023.0,15139.0,17176.0,22971.0,14943.0,822.8718004646521,16828.75,2913.315475640455,20149.0,218402.0,0.021738237957628588,0.13190440712934848,0.16171660607779004,5.104445835942392
2024-02-19,13799,84994,-9.77342561055149,0.404207216403323,-6.1207111618333405,69660,424551,2024-01-01,2022,4.41162725488371,3.695,6.36407234798706,2,False,True,13799.0,15970.0,14023.0,14640.0,22571.0,14732.75,1011.8400318231821,16035.0,2815.787144374437,19232.0,209630.0,0.021751469196685583,-0.13932741283809102,0.16235263665670518,5.048191897963621
2024-02-26,14368,87714,-9.800876948775059,0.3802942513083268,-5.642464043955847,74755,439947,2024-01-01,2022,4.41162725488371,3.695,6.36407234798706,2,False,True,14368.0,13799.0,15970.0,15139.0,22592.0,14540.0,981.6404637136442,15427.0,2429.9805773011235,18301.0,201406.0,0.019201655859981657,0.03200225898298714,0.1638050938276672,5.20288140311804
2024-03-04,12769,82227,-9.782285222022082,0.3900241097334303,-5.872064201211003,64329,408083,2024-01-01,2022,4.41162725488371,3.695,6.36407234798706,2,False,True,12769.0,14368.0,13799.0,14023.0,20339.0,14226.5,1337.519719480778,14735.5,2405.6208799771225,17176.0,193836.0,0.017533258701767113,-0.0625555783569327,0.15528962506232746,5.037904299475292
2024-03-11,12334,76785,-9.795686719636771,0.3894050637782652,-5.447530256874248,63321,385200,2024-01-01,2022,4.41162725488371,3.695,6.36407234798706,2,False,True,12334.0,12769.0,14368.0,15970.0,18270.0,13317.5,931.5787674694712,14130.25,2537.4264103376217,15970.0,187900.0,0.012516044981850745,-0.0661826407384436,0.16063033144494368,5.133857629317334
2024-03-18,13948,82543,-9.789396329222829,0.3942751687093559,-6.0812887236735165,70037,401267,2024-01-01,2022,4.41162725488371,3.695,6.36407234798706,2,False,True,13948.0,12334.0,12769.0,13799.0,20149.0,13354.75,959.8011512807948,14043.75,2140.06471687758,15970.0,181699.0,0.008031876093388547,0.07498860454515865,0.16897859297578233,5.021293375394322
2024-03-25,13398,81506,-9.797507090610535,0.3865350252326574,-6.155606145357257,69917,409256,2024-01-01,2022,4.41162725488371,3.695,6.36407234798706,2,False,True,13398.0,13948.0,12334.0,14368.0,19232.0,13112.25,707.9606274362574,13826.125,1754.2396673790406,15970.0,175865.0,0.006895291144328999,-0.01256314890420751,0.16438053640222805,5.218465442603374
2024-04-01,19397,105080,-9.815100273238128,0.3799881098128219,-5.7213155558309206,100056,531148,2024-01-01,2022,4.41162725488371,3.695,6.36407234798706,2,False,True,19397.0,13398.0,13948.0,12769.0,18301.0,14769.25,3157.0709394415903,14497.875,1975.8348810750344,19397.0,176961.0,0.011014256249143326,0.2892302407184748,0.18459269128283212,5.158323452080219
2024-04-08,20436,108334,-9.792792131532591,0.3930412734951012,-5.650407360823267,104935,546338,2024-01-01,2022,4.41162725488371,3.695,6.36407234798706,2,False,True,20436.0,19397.0,13398.0,12334.0,17176.0,16794.75,3636.495691825663,15056.125,2495.8845201408785,20436.0,180221.0,0.011428811406465964,0.03096688237533307,0.18863883914560525,5.134811117635545
2024-04-15,21723,110522,-9.8047000874649,0.3815736851110435,-5.833105838053269,109975,546083,2024-01-01,2022,4.41162725488371,3.695,6.36407234798706,2,False,True,21723.0,20436.0,19397.0,13948.0,14640.0,18738.5,3685.2548080153074,16046.625,3150.0553049498217,21723.0,187304.0,0.009708701349683291,0.020196798788930437,0.19654910334594017,5.06260645398886
2024-04-22,14642,95821,-9.78380685698675,0.3934865671908395,-5.898281727131309,74896,477141,2024-01-01,2022,4.41162725488371,3.695,6.36407234798706,2,False,True,14642.0,21723.0,20436.0,13398.0,15139.0,19049.5,3088.5162025369514,16080.875,3160.043242655808,21723.0,186807.0,0.013675271490620255,-0.13301424150847796,0.15280575239248181,5.115148203797295
2024-04-29,13812,112097,-9.750579206487112,0.4134833218966015,-5.6980003326441,70212,558616,2024-01-01,2022,4.41162725488371,3.695,6.36407234798706,2,False,True,13812.0,14642.0,21723.0,19397.0,14023.0,17653.25,4005.387652899522,16211.25,3169.98839496969,21723.0,186596.0,0.023227389022060667,0.1698583817743502,0.12321471582647171,5.083405734144223
2024-05-06,17106,118446,-9.741143458435635,0.4127309914719591,-5.378880892220679,84457,595624,2024-01-01,2022,4.41162725488371,3.695,6.36407234798706,2,False,True,17106.0,13812.0,14642.0,20436.0,15970.0,16820.75,3554.947292154968,16807.75,3200.4977264434647,21723.0,187732.0,0.02946511723791154,0.05663844705924337,0.14442024213565677,4.937273471296621
2024-05-13,15439,88832,-9.780005181682752,0.3897439541024211,-5.673912013831241,77528,443314,2024-01-01,2022,4.41162725488371,3.695,6.36407234798706,2,False,True,15439.0,17106.0,13812.0,21723.0,13799.0,15249.75,1404.5123412297269,16994.125,3149.1386412506954,21723.0,189372.0,0.02122076412385777,-0.2500211066646404,0.17379998198847263,5.021568754453009
2024-05-20,13943,98885,-9.732195366850746,0.426536687878989,-5.865783941505694,70097,489775,2024-01-01,2022,4.41162725488371,3.695,6.36407234798706,2,False,True,13943.0,15439.0,17106.0,14642.0,14368.0,15075.0,1542.08192605536,17062.25,3168.8030277674206,21723.0,188947.0,0.020754451707783464,0.11316867795389052,0.1410021742428073,5.027397260273973
2024-05-27,16816,96774,-9.767602283539485,0.4004747200905411,-6.038843995353291,86700,486478,2024-01-01,2022,4.41162725488371,3.695,6.36407234798706,2,False,True,16816.0,13943.0,15439.0,13812.0,12769.0,15826.0,1450.7421089451457,16739.625,3035.7765468532666,21723.0,192994.0,0.02233015772566947,-0.02134803054052692,0.17376568086469507,5.155803996194101
2024-06-03,15073,87243,-9.7779804949247,0.3978996847455254,-6.102521360754956,77951,447189,2024-01-01,2022,4.41162725488371,3.695,6.36407234798706,2,False,True,15073.0,16816.0,13943.0,17106.0,12334.0,15317.75,1184.5244826511364,16069.25,2823.8620703611477,21723.0,195733.0,0.022176084353023193,-0.0984871969743939,0.17277030821957062,5.171565050089564
2024-06-10,13541,76187,-9.793737537848017,0.3907071329686068,-6.106325678225134,68534,383174,2024-01-01,2022,4.41162725488371,3.695,6.36407234798706,2,False,True,13541.0,15073.0,16816.0,15439.0,13948.0,14843.25,1466.3824819375318,15046.5,2857.0735451549626,17106.0,195326.0,0.02610301659485224,-0.12672649954724158,0.17773373410161838,5.061221475518795
2024-06-17,11302,60953,-9.80914882321713,0.3808687032159555,-6.219411281133696,60492,311808,2024-01-01,2022,4.41162725488371,3.695,6.36407234798706,2,False,True,11302.0,13541.0,15073.0,13943.0,13398.0,14183.0,2340.7345001088747,14629.0,3102.610967907823,17106.0,193230.0,0.01819828415781343,-0.19995537296389143,0.185421554312339,5.352327021766059
2024-06-24,10331,60205,-9.787290678540314,0.3916877455805594,-6.172590652413065,53741,304241,2024-01-01,2022,4.41162725488371,3.695,6.36407234798706,2,False,True,10331.0,11302.0,13541.0,16816.0,19397.0,12561.75,2146.976381643095,14193.875,3323.4054549786574,17106.0,184164.0,0.013112579232523472,-0.012271750365035361,0.17159704343493065,5.201916561804278
2024-07-01,11485,56292,-9.79695254680017,0.3861605048259871,-6.72599736726213,61017,293431,2024-01-01,2022,4.41162725488371,3.695,6.36407234798706,2,False,True,11485.0,10331.0,11302.0,15073.0,20436.0,11664.75,1349.4567734215414,13491.25,3072.3944603024247,16816.0,175213.0,0.0091709929471221,-0.06499460177726102,0.2040254387834861,5.312755768393557
2024-07-08,10636,54836,-9.782389996239193,0.4056594979000734,-6.499121994629348,56118,284866,2024-01-01,2022,4.41162725488371,3.695,6.36407234798706,2,False,True,10636.0,11485.0,10331.0,13541.0,21723.0,10938.5,545.0862317101252,12890.875,2307.9390583309887,16816.0,164126.0,0.011803949665623767,-0.02586513181269101,0.1939601721496827,5.276231666039864
2024-07-15,12434,58774,-9.79986327810841,0.4036958040725126,-6.457701728223673,64690,301496,2024-01-01,2022,4.41162725488371,3.695,6.36407234798706,2,False,True,12434.0,10636.0,11485.0,11302.0,14642.0,11221.5,944.34968805696,12702.25,2312.0376228982523,16816.0,161918.0,0.008171568903042072,0.07181413669851922,0.21155613026168033,5.202670098118063
2024-07-22,11046,76413,-9.783677349266707,0.4047418154487235,-6.1244074652404,57058,359290,2024-01-01,2022,4.41162725488371,3.695,6.36407234798706,2,False,True,11046.0,12434.0,10636.0,10331.0,13812.0,11400.25,771.44728703043,11981.0,2413.034767233745,15073.0,159152.0,0.008970917152562168,0.3001156974172252,0.14455655451297553,5.165489770052508
2024-07-29,19587,82655,-9.818680757645376,0.3896571208717887,-6.714853614824684,96776,394840,2024-01-01,2022,4.41162725488371,3.695,6.36407234798706,2,False,True,19587.0,11046.0,12434.0,11485.0,17106.0,13425.75,4178.934662885579,12545.25,2840.664757614236,19587.0,161633.0,0.016993412074594386,0.08168767094604323,0.23697295989353337,4.940828100270588
2024-08-05,15949,73604,-9.804062950655213,0.385960078105226,-6.625935853627213,82895,370604,2024-01-01,2022,4.41162725488371,3.695,6.36407234798706,2,False,True,15949.0,19587.0,11046.0,10636.0,15439.0,14754.0,3826.1197925139,12846.25,2876.401459473388,19587.0,162143.0,0.014399683738938187,-0.10950335732865524,0.21668659311993912,5.197504545739545
2024-08-12,13761,72306,-9.807099774725673,0.3867534398767383,-6.539143390219675,69156,357376,2024-01-01,2022,4.41162725488371,3.695,6.36407234798706,2,False,True,13761.0,15949.0,19587.0,12434.0,13943.0,15085.75,3609.293317257541,13153.625,2874.400937586827,19587.0,161961.0,0.014567209477356272,-0.01763491114613336,0.1903161563355738,5.025506867233486
2024-08-19,12925,73417,-9.822553191489364,0.3703637099875044,-6.082189898762314,67571,362528,2024-01-01,2022,4.41162725488371,3.695,6.36407234798706,2,False,True,12925.0,13761.0,15949.0,11046.0,16816.0,15555.5,2974.7602144262446,13477.875,2678.734589316385,19587.0,158070.0,0.008910268358579672,0.01536525322933091,0.17604914393124207,5.227930367504835
2024-08-26,15181,66558,-9.806435676174166,0.3822874459528946,-6.581639732408417,77549,340450,2024-01-01,2022,4.41162725488371,3.695,6.36407234798706,2,False,True,15181.0,12925.0,13761.0,19587.0,15073.0,14454.0,1364.0190614503679,13939.875,2685.8722808597827,19587.0,158178.0,0.008444744664627303,-0.09342522848931445,0.22808678145376965,5.108293261313484
2024-09-02,14920,73126,-9.814443699731903,0.3742890915639892,-6.613633548190745,73252,362963,2024-01-01,2022,4.41162725488371,3.695,6.36407234798706,2,False,True,14920.0,15181.0,12925.0,15949.0,13541.0,14196.75,1048.6602166573985,14475.375,2731.760686255244,19587.0,159557.0,0.007543479241721139,0.0986808497851499,0.20403139786122582,4.909651474530831
2024-09-09,13600,59878,-9.85220588235294,0.3374915820407011,-6.4236531742826335,70347,300967,2024-01-01,2022,4.41162725488371,3.695,6.36407234798706,2,False,True,13600.0,14920.0,15181.0,13761.0,11302.0,14156.5,1073.7499708963637,14621.125,2658.811746159397,19587.0,161855.0,0.01997882813378016,-0.18116675327516885,0.22712849460569826,5.172573529411765
2024-09-16,15465,71593,-9.836857419980605,0.3645745373560129,-6.143745637015262,81179,368942,2024-01-01,2022,4.41162725488371,3.695,6.36407234798706,2,False,True,15465.0,13600.0,14920.0,12925.0,10331.0,14791.5,824.9236328290891,15173.5,2513.7497931829485,19587.0,166989.0,0.0209134233210096,0.19564781722836444,0.21601273867556883,5.249207888781118
2024-09-23,22944,95935,-9.860290271966528,0.3460482614334398,-5.597694451789557,118293,480787,2024-01-01,2022,4.41162725488371,3.695,6.36407234798706,2,False,True,22944.0,15465.0,13600.0,15181.0,11485.0,16732.25,4214.538359456855,15593.125,3492.4162079707858,22944.0,178448.0,0.020166590940946066,0.3400053077814871,0.23916193255850315,5.155726987447698
2024-09-30,34344,123867,-9.8454751921733,0.3530202070711822,-5.7078651741373605,177067,627706,2024-01-01,2022,4.41162725488371,3.695,6.36407234798706,2,False,True,34344.0,22944.0,15465.0,14920.0,10636.0,21588.25,9413.705341150207,17892.5,6386.1062590216325,34344.0,202156.0,0.009954421052709725,0.29115546984937724,0.2772651311487321,5.155689494525973
2024-10-07,24974,106869,-9.812224713702253,0.377148156281583,-5.703175362189747,130434,543120,2024-01-01,2022,4.41162725488371,3.695,6.36407234798706,2,False,True,24974.0,34344.0,22944.0,13600.0,12434.0,24431.75,7770.944617612453,19294.125,6620.161112202278,34344.0,214696.0,0.020136024035354493,-0.1372278330790283,0.23368797312597667,5.222791703371507
2024-10-14,21154,90170,-9.826888531719764,0.3787896213342554,-5.838055034702014,111378,458405,2024-01-01,2022,4.41162725488371,3.695,6.36407234798706,2,False,True,21154.0,24974.0,34344.0,15465.0,11046.0,25854.0,5871.189544433617,20322.75,6305.581688015992,34344.0,224804.0,0.021038747103562325,-0.15625672552377212,0.234601308639237,5.265103526519807
2024-10-21,18993,81691,-9.828041910177433,0.3761660387696456,-5.87619388450628,101674,415777,2024-01-01,2022,4.41162725488371,3.695,6.36407234798706,2,False,True,18993.0,21154.0,24974.0,22944.0,19587.0,24866.25,6785.160787827111,20799.25,6300.603417470631,34344.0,224210.0,0.013606123411759544,-0.0940334922923367,0.23249807200303582,5.353235402516717
2024-10-28,15416,72575,-9.82427348209652,0.3677704003002086,-6.058935926101963,79852,364924,2024-01-01,2022,4.41162725488371,3.695,6.36407234798706,2,False,True,15416.0,18993.0,21154.0,34344.0,15949.0,20134.25,4001.1417016479954,20861.25,6323.47531209915,34344.0,223677.0,0.0072615075316616665,-0.1115912401610949,0.21241474336892868,5.179813181110535
2024-11-04,11659,60979,-9.831589330131232,0.3593082087746324,-5.914934282218876,60572,303390,2024-01-01,2022,4.41162725488371,3.695,6.36407234798706,2,False,True,11659.0,15416.0,18993.0,24974.0,13761.0,16805.5,4167.804417995957,20618.625,6497.623404100557,34344.0,221575.0,0.00303552772849126,-0.15977953840854286,0.19119696944849868,5.195299768419247
2024-11-11,11614,61694,-9.825340106767694,0.3663905091789611,-5.8255991914718015,61421,309151,2024-01-01,2022,4.41162725488371,3.695,6.36407234798706,2,False,True,11614.0,11659.0,15416.0,21154.0,12925.0,14420.5,3530.86868442691,20137.25,6609.294355586536,34344.0,220264.0,0.003263396664556045,0.011725348070647179,0.18825169384380977,5.288531083175478
2024-11-18,12066,65861,-9.82902370296702,0.3615108393451349,-6.271728677422983,64167,334943,2024-01-01,2022,4.41162725488371,3.695,6.36407234798706,2,False,True,12066.0,11614.0,11659.0,18993.0,15181.0,12688.75,1829.4974492101971,18777.5,6803.616753743434,34344.0,217149.0,0.0033717952106689262,0.06754303497909042,0.18320402058881585,5.318000994530085
2024-11-25,10993,64694,-9.81829345947421,0.3675312997617498,-5.82914928757944,58699,329408,2024-01-01,2022,4.41162725488371,3.695,6.36407234798706,2,False,True,10993.0,12066.0,11614.0,15416.0,14920.0,11583.0,442.76630404757543,15858.625,7059.872320503985,24974.0,213222.0,0.005779112218150552,-0.017719135755606463,0.16992302222771818,5.339670699536068
2024-12-02,9570,51214,-9.79096133751306,0.3779047675600852,-6.282771534765364,49372,257867,2024-01-01,2022,4.41162725488371,3.695,6.36407234798706,2,False,True,9570.0,10993.0,12066.0,11659.0,13600.0,11060.75,1086.820860737078,13933.125,7365.431362216017,21154.0,209192.0,0.017214457525465427,-0.20836553621665066,0.1868629671574179,5.159038662486938
2024-12-09,10792,57698,-9.819634914751667,0.3520817739273695,-5.7276344910248165,54206,281089,2024-01-01,2022,4.41162725488371,3.695,6.36407234798706,2,False,True,10792.0,9570.0,10993.0,11614.0,15465.0,10855.25,1023.1908831363204,12637.875,7598.758081842307,18993.0,204519.0,0.01638863823487565,0.1266060061701879,0.18704287843599432,5.022794662713121
2024-12-16,9884,53204,-9.816167543504655,0.3651820510936357,-5.93472808605338,50901,264695,2024-01-01,2022,4.41162725488371,3.695,6.36407234798706,2,False,True,9884.0,10792.0,9570.0,12066.0,22944.0,10309.75,689.9006570997133,11499.25,7612.040372251581,15416.0,191459.0,0.013610392559150279,-0.07788831501958471,0.18577550560108264,5.149838122217726
2024-12-23,10851,46771,-9.824900930789786,0.3600834220420988,-6.244474180658986,57680,246676,2024-01-01,2022,4.41162725488371,3.695,6.36407234798706,2,False,True,10851.0,9884.0,10792.0,10993.0,34344.0,10274.25,645.2309018224532,10928.625,5038.6948496489495,12066.0,167966.0,0.015070524448060696,-0.12091196150665362,0.23200273673857733,5.315639111602617
2024-12-30,9501,44406,-9.818229660035785,0.3674352965427423,-6.381634024653425,49653,231457,2024-01-01,2022,4.41162725488371,3.695,6.36407234798706,2,False,True,9501.0,10851.0,9884.0,9570.0,24974.0,10257.0,670.7523139480148,10658.875,3802.4681488116767,12066.0,152493.0,0.003727807226481364,-0.05056552137007975,0.21395757330090528,5.226081465108936
2025-01-06,8661,46853,-9.796617018819997,0.3877439452136141,-6.58670318971816,42222,235616,2025-01-01,2023,4.22522603168918,3.371,2.06272504731618,2,False,True,8661.0,9501.0,10851.0,10792.0,21154.0,9724.25,908.3734089018399,10289.75,2877.4546306614734,12066.0,140000.0,0.012159835469012772,0.05510516596856285,0.18485475849998934,4.874956702459301
2025-01-13,10684,87053,-9.742418569824034,0.4161550809549706,-5.530218369189452,54441,450132,2025-01-01,2023,4.22522603168918,3.371,2.06272504731618,2,False,True,10684.0,8661.0,9501.0,9884.0,18993.0,9924.25,1034.5734628338141,10117.0,1721.9011757620979,10993.0,131691.0,0.03741626755530665,0.8580026892621604,0.12272983125222565,5.09556345937851
2025-01-20,10242,74502,-9.7280316344464,0.4180389673696374,-5.927556622509433,50089,367497,2025-01-01,2023,4.22522603168918,3.371,2.06272504731618,2,False,True,10242.0,10684.0,8661.0,10851.0,15416.0,9772.0,887.0186018342283,10023.125,1008.6251180631256,10851.0,126517.0,0.043010194733757244,-0.14417653613316028,0.13747281952162357,4.890548720952939
2025-01-27,8754,72973,-9.732293808544664,0.4222180528145623,-5.8345967713615,42747,348263,2025-01-01,2023,4.22522603168918,3.371,2.06272504731618,2,False,True,8754.0,10242.0,10684.0,9501.0,11659.0,9585.25,1030.1758345059106,9921.125,1063.56467512878,10851.0,123612.0,0.031762875384010104,-0.020522938981503813,0.119962177791786,4.883139136394791
2025-02-03,7863,78155,-9.721289584128195,0.4153711754358673,-5.5809875907214925,38661,357233,2025-01-01,2023,4.22522603168918,3.371,2.06272504731618,2,False,True,7863.0,8754.0,10242.0,8661.0,11614.0,9385.75,1308.4969430609876,9555.0,1186.6776738083147,10851.0,119861.0,0.008853638906270162,0.0710125662916421,0.10060776661761883,4.9168256390690575
2025-02-10,7429,70814,-9.693094629156013,0.4320798771730788,-6.289081709081008,36417,334133,2025-01-01,2023,4.22522603168918,3.371,2.06272504731618,2,False,True,7429.0,7863.0,8754.0,10684.0,12066.0,8572.0,1242.4644864139777,9248.125,1203.5058635654066,10851.0,115224.0,0.0176466234136064,-0.09392873136715496,0.10490863388595476,4.902005653519989
2025-02-17,8593,61618,-9.730594670080292,0.4167588344852396,-6.354074174306475,44174,312960,2025-01-01,2023,4.22522603168918,3.371,2.06272504731618,2,False,True,8593.0,7429.0,7863.0,10242.0,10993.0,8159.75,622.600661205305,8965.875,1149.541015124946,10684.0,112824.0,0.018139158541310537,-0.1298613268562714,0.13945600311597262,5.140695915279879
2025-02-24,7443,54667,-9.735456133279593,0.4163600616585417,-6.276445268545775,37024,273839,2025-01-01,2023,4.22522603168918,3.371,2.06272504731618,2,False,True,7443.0,8593.0,7429.0,8754.0,9570.0,7832.0,545.8363613147103,8708.625,1278.078680534303,10684.0,110697.0,0.018944249678723872,-0.11280794573014374,0.13615160883165348,4.974338304447132
2025-03-03,6828,56437,-9.722100175746926,0.4250531090606917,-5.947097299000894,35982,277545,2025-01-01,2023,4.22522603168918,3.371,2.06272504731618,2,False,True,6828.0,7443.0,8593.0,7863.0,10792.0,7573.25,737.8032145045744,8479.5,1346.6130211711939,10684.0,106733.0,0.018965415220850698,0.032377851354564946,0.12098446054893067,5.269771528998243
2025-03-10,6897,54048,-9.761418007829487,0.4083068947308136,-6.4644140871474285,35764,254616,2025-01-01,2023,4.22522603168918,3.371,2.06272504731618,2,False,True,6897.0,6828.0,7443.0,7429.0,9884.0,7440.25,816.2537901902506,8006.125,1421.072482317466,10242.0,103746.0,0.01694146997714222,-0.04233038609422901,0.12760879218472468,5.1854429462084966
2025-03-17,12568,68410,-9.799013367281987,0.3778088635013747,-6.658912606600907,66889,352520,2025-01-01,2023,4.22522603168918,3.371,2.06272504731618,2,False,True,12568.0,6897.0,6828.0,8593.0,10851.0,8434.0,2769.6956511501317,8296.875,1718.6151644080367,12568.0,105463.0,0.03387091245932192,0.26572676139727647,0.18371583101885688,5.322167409293444
2025-03-24,10650,58547,-9.794553990610328,0.3840275333196592,-6.529322319065758,55842,301592,2025-01-01,2023,4.22522603168918,3.371,2.06272504731618,2,False,True,10650.0,12568.0,6897.0,7443.0,9501.0,9235.75,2850.2049487712193,8533.875,1792.3406906933412,12568.0,106612.0,0.035639838064941504,-0.1441748282414852,0.18190513604454542,5.243380281690141
2025-03-31,9351,54852,-9.792589027911452,0.3902524096996606,-6.58970015458942,48547,275153,2025-01-01,2023,4.22522603168918,3.371,2.06272504731618,2,False,True,9351.0,10650.0,12568.0,6828.0,8661.0,9866.5,2380.1712123290517,8719.875,1795.5895883238193,12568.0,107302.0,0.017195096576271454,-0.06311168804550193,0.17047691971122292,5.191637258047268
2025-04-07,8487,59626,-9.772593378107693,0.4008600845904304,-6.229711907752142,43976,293485,2025-01-01,2023,4.22522603168918,3.371,2.06272504731618,2,False,True,8487.0,9351.0,10650.0,6897.0,10684.0,10264.0,1774.7027920189755,8852.125,1711.8585394508616,12568.0,105105.0,0.011708720381187194,0.08703420112302185,0.14233723543420657,5.181571815718157
2025-04-14,8131,53349,-9.761345467962121,0.4074401654062651,-6.125278116996913,42859,272002,2025-01-01,2023,4.22522603168918,3.371,2.06272504731618,2,False,True,8131.0,8487.0,9351.0,12568.0,10242.0,9154.75,1120.7498605843978,8794.375,1653.0340057731257,12568.0,102994.0,0.016050537603632325,-0.10527286754100562,0.15241147912800615,5.2710613700651825
2025-04-21,7100,50595,-9.791971830985917,0.3838077759003258,-6.486840673882376,37923,251523,2025-01-01,2023,4.22522603168918,3.371,2.06272504731618,2,False,True,7100.0,8131.0,8487.0,10650.0,8754.0,8267.25,931.6366870548918,8751.5,1705.5859030629886,12568.0,101340.0,0.015319870027940352,-0.05162233593881793,0.14033007214151597,5.341267605633803
2025-04-28,8617,50649,-9.803469885110829,0.374504663638146,-6.11411310860195,46101,258685,2025-01-01,2023,4.22522603168918,3.371,2.06272504731618,2,False,True,8617.0,7100.0,8131.0,9351.0,7863.0,8083.75,687.2560779408316,8975.125,1696.0579875020833,12568.0,102094.0,0.018929792401004505,0.0010672991402311816,0.1701316906552943,5.350005802483463
2025-05-05,9024,57146,-9.798537234042557,0.3807021592336284,-5.976710512415912,47361,291713,2025-01-01,2023,4.22522603168918,3.371,2.06272504731618,2,False,True,9024.0,8617.0,7100.0,8487.0,7429.0,8218.0,829.925699485571,9241.0,1666.059156703713,12568.0,103689.0,0.018919365979665228,0.12827499062172998,0.15791131487768173,5.248337765957447
2025-05-12,9369,66213,-9.771853986551395,0.4034818432181882,-6.089961646316636,47203,319571,2025-01-01,2023,4.22522603168918,3.371,2.06272504731618,2,False,True,9369.0,9024.0,8617.0,8131.0,8593.0,8527.5,1000.0668311001092,8841.125,1679.0465616118368,10650.0,104465.0,0.013892231688943527,0.15866377349245786,0.14149789316297404,5.038211121784609
2025-05-19,12823,75426,-9.82383217655775,0.3625156999750938,-5.650119794276848,66003,374956,2025-01-01,2023,4.22522603168918,3.371,2.06272504731618,2,False,True,12823.0,9369.0,9024.0,7100.0,7443.0,9958.25,1934.4062611905701,9112.75,1999.0892073869159,12823.0,109845.0,0.02139330317937847,0.13914186035974807,0.17000768965608676,5.147235436325353
2025-05-26,10072,65847,-9.787678713264494,0.3881371851071803,-5.915336813613781,52613,338006,2025-01-01,2023,4.22522603168918,3.371,2.06272504731618,2,False,True,10072.0,12823.0,9369.0,8617.0,6828.0,10322.0,1723.4185020862692,9202.875,1871.2427303961801,12823.0,113089.0,0.021849798639375098,-0.12699864768117097,0.15296065120658497,5.223689436060365
2025-06-02,9489,56040,-9.769891453261671,0.4007539253774096,-6.00528074871244,48734,286660,2025-01-01,2023,4.22522603168918,3.371,2.06272504731618,2,False,True,9489.0,10072.0,12823.0,9024.0,6897.0,10438.25,1619.2120254411652,9328.125,1694.2478866786594,12823.0,115681.0,0.024981771529441137,-0.14893617021276595,0.1693254817987152,5.135841500685004
2025-06-09,13383,76919,-9.78031831427931,0.4010742416323184,-5.280734923319078,71850,389589,2025-01-01,2023,4.22522603168918,3.371,2.06272504731618,2,True,False,13383.0,9489.0,10072.0,9369.0,12568.0,11441.75,1946.4284172127373,9984.625,1832.946262169176,13383.0,116496.0,0.02343326031962134,0.37257316202712354,0.17398822137573292,5.368751401031159
2025-06-16,117,625,-9.786324786324787,0.4063941485175534,-4.787151997968181,535,2457,2025-01-01,2023,4.22522603168918,3.371,2.06272504731618,2,True,False,117.0,13383.0,9489.0,12823.0,10650.0,8265.25,5696.409768441869,9111.75,3286.49009029942,13383.0,105963.0,0.008099623357762698,-0.9918745693521757,0.1872,4.572649572649572
2025-06-23,111,1315,-9.891891891891891,0.2969956030085094,-5.044680242545498,508,4856,2025-01-01,2023,4.22522603168918,3.371,2.06272504731618,2,True,False,111.0,117.0,13383.0,10072.0,9351.0,5775.0,6727.290687936708,8048.5,4128.0694172501835,13383.0,96723.0,0.056929807363776695,1.104,0.0844106463878327,4.576576576576577
2025-06-30,6949,45639,-9.787163620664845,0.3922858250465176,-5.750534940875081,35719,232498,2025-01-01,2023,4.22522603168918,3.371,2.06272504731618,2,True,False,6949.0,111.0,117.0,9489.0,8487.0,5140.0,6370.266870390906,7789.125,4137.480226996593,13383.0,95185.0,0.05373137457317841,33.70646387832699,0.15226012839895703,5.140164052381637
2025-07-07,10339,63883,-9.781651997291805,0.4142846655217902,-6.449586515221008,52674,310971,2025-01-01,2023,4.22522603168918,3.371,2.06272504731618,2,False,False,10339.0,6949.0,111.0,13383.0,8131.0,4379.0,5115.563442411137,7910.375,4195.815847816462,13383.0,97393.0,0.05347754632090461,0.3997458314161133,0.16184274376594712,5.094690008704903
2025-07-14,11457,62955,-9.818538884524749,0.3655396949532293,-6.044529140881344,59143,319740,2025-01-01,2023,4.22522603168918,3.371,2.06272504731618,2,False,False,11457.0,10339.0,6949.0,117.0,7100.0,7214.0,5108.538864815779,7739.625,4287.412036380091,13383.0,101750.0,0.050725516647328196,-0.01452655636084721,0.18198713366690494,5.162171598149603
2025-07-21,8798,69368,-9.78836099113435,0.3879403156059594,-6.2432696190658685,45392,352496,2025-01-01,2023,4.22522603168918,3.371,2.06272504731618,2,False,False,8798.0,11457.0,10339.0,111.0,8617.0,9385.75,1956.3539855216943,7580.375,4288.259323166824,13383.0,101931.0,0.016664776146391395,0.10186641251687711,0.12683081536155,5.159354398726983
2025-07-28,8739,78351,-9.761872067742305,0.4137646241789994,-5.819108633488628,44378,384058,2025-01-01,2023,4.22522603168918,3.371,2.06272504731618,2,False,False,8739.0,8798.0,11457.0,6949.0,9024.0,9833.25,1311.674851732173,7486.625,4285.847184735943,13383.0,101646.0,0.023488286260200008,0.12949775112443773,0.11153654707661677,5.07815539535416
2025-08-04,8241,70270,-9.746268656716417,0.3992480433826903,-6.110802228922039,43105,365374,2025-01-01,2023,4.22522603168918,3.371,2.06272504731618,2,False,False,8241.0,8739.0,8798.0,10339.0,9369.0,9308.75,1453.793743967813,6843.875,4276.709472139863,11457.0,100518.0,0.03170398675778792,-0.10313844111753523,0.11727622029315497,5.230554544351413
2025-08-11,8676,63077,-9.788497003227295,0.3841067336239056,-6.37002696821297,45542,322203,2025-01-01,2023,4.22522603168918,3.371,2.06272504731618,2,False,False,8676.0,8241.0,8739.0,11457.0,12823.0,8613.5,253.28047694196795,7913.75,4046.0742692669573,11457.0,96371.0,0.020834732725191173,-0.10236231677814145,0.13754617372417838,5.249193176579069
2025-08-18,7926,63455,-9.751009336361337,0.403434298836242,-6.379776096034166,43299,330733,2025-01-01,2023,4.22522603168918,3.371,2.06272504731618,2,False,False,7926.0,8676.0,8241.0,8798.0,10072.0,8395.5,383.3940531619534,8890.625,3994.7590314932468,11457.0,94225.0,0.018888676100277408,0.005992675618688326,0.12490741470333307,5.462906888720666
2025-08-25,11514,68629,-9.793816223727632,0.3919319790516857,-6.497754028468497,62666,358297,2025-01-01,2023,4.22522603168918,3.371,2.06272504731618,2,False,False,11514.0,7926.0,8676.0,8739.0,9489.0,9089.25,1645.4854147028927,9461.25,4111.265185346516,11514.0,96250.0,0.024719303019073244,0.08153809786462851,0.16777164172580106,5.442591627583811
2025-09-01,8085,60259,-9.775572047000615,0.4027867852467963,-6.240284265134657,43271,311248,2025-01-01,2023,4.22522603168918,3.371,2.06272504731618,2,False,False,8085.0,11514.0,7926.0,8241.0,13383.0,9050.25,1673.8949339788176,9179.5,3751.844814907914,11514.0,90952.0,0.019081579493538062,-0.12196010432907367,0.13417082925372142,5.352009894867038
2025-09-08,13034,79764,-9.72782722111401,0.465713656081448,-6.355216880523516,67900,397134,2025-01-01,2023,4.22522603168918,3.371,2.06272504731618,2,False,False,13034.0,8085.0,11514.0,8676.0,117.0,10139.75,2542.1731353312566,9376.625,3233.385929359769,13034.0,103869.0,0.028780974150461817,0.32368608838513757,0.1634070507998596,5.209452201933405
2025-09-15,10739,79387,-9.73172548654437,0.434218214590037,-5.9359506710870455,56543,403227,2025-01-01,2023,4.22522603168918,3.371,2.06272504731618,2,False,False,10739.0,13034.0,8085.0,7926.0,111.0,10843.0,2071.078784917002,9619.25,1831.9622593538659,13034.0,114497.0,0.03260872049836272,-0.004726443006870307,0.13527403731089474,5.2652016016388865
2025-09-22,9498,81901,-9.776689829437778,0.3941446673085544,-5.6379085508765865,48384,394958,2025-01-01,2023,4.22522603168918,3.371,2.06272504731618,2,False,True,9498.0,10739.0,13034.0,11514.0,6949.0,10339.0,2098.477384517947,9714.125,1641.9709239665222,13034.0,117046.0,0.026813991679952423,0.03166765339413247,0.11596927998437137,5.094125078963993
2025-09-29,9351,92581,-9.719227890065236,0.4379195864657078,-5.304217327115451,50682,462058,2025-01-01,2023,4.22522603168918,3.371,2.06272504731618,2,False,True,9351.0,9498.0,10739.0,8085.0,10339.0,10655.5,1703.5023725646188,9852.875,1634.7160720943539,13034.0,116058.0,0.02574968605970976,0.13040133820099875,0.10100344563139305,5.419955085017645
2025-10-06,11013,103301,-9.71016071915009,0.4426656424512978,-5.4147131042767525,57177,516715,2025-01-01,2023,4.22522603168918,3.371,2.06272504731618,2,False,True,11013.0,9351.0,9498.0,13034.0,11457.0,10150.25,847.5837716709489,10145.0,1595.175880869895,13034.0,115614.0,0.029514448189085284,0.11579049697022059,0.10661077821124675,5.191773358757832
2025-10-13,10751,92977,-9.719793507580688,0.4273909970198934,-5.602889676066978,57560,474551,2025-01-01,2023,4.22522603168918,3.371,2.06272504731618,2,False,True,10751.0,11013.0,9351.0,10739.0,8798.0,10153.25,850.3788861442594,10498.125,1601.6876397895148,13034.0,117567.0,0.030469263963188904,-0.09994094926476993,0.11563074738913925,5.353920565528788
2025-10-20,7634,59448,-9.753602305475502,0.4047610563295386,-5.862261634177579,39621,294493,2025-01-01,2023,4.22522603168918,3.371,2.06272504731618,2,False,True,7634.0,10751.0,11013.0,9498.0,8739.0,9687.25,1551.1368680207702,10013.125,1696.987750174521,13034.0,116462.0,0.01912051864025756,-0.360616066338987,0.12841474902435743,5.190070736180246
2025-10-27,7976,50891,-9.757209127382144,0.3989933218343443,-6.727714257489598,42096,265956,2025-01-01,2023,4.22522603168918,3.371,2.06272504731618,2,False,True,7976.0,7634.0,10751.0,9351.0,8241.0,9343.5,1785.1921465209148,9999.5,1719.3503772346482,13034.0,116197.0,0.0237161817771766,-0.14394092315973628,0.1567271226739502,5.2778335005015045
2025-11-03,7670,49011,-9.697001303780963,0.4464155834240901,-6.616976124478168,39693,245144,2025-01-01,2023,4.22522603168918,3.371,2.06272504731618,2,False,True,7670.0,7976.0,7634.0,11013.0,8676.0,8507.75,1503.35100691753,9329.0,1795.7468501990902,11013.0,115191.0,0.028728778478113597,-0.036941698925153754,0.15649548060639448,5.17509778357236
2025-11-10,6310,44842,-9.711806656101425,0.4389627401361533,-6.428820872004253,31676,222059,2025-01-01,2023,4.22522603168918,3.371,2.06272504731618,2,False,True,6310.0,7670.0,7976.0,10751.0,7926.0,7397.5,741.0593768382874,8775.375,1983.4211242347285,11013.0,113575.0,0.030095852070505337,-0.08506253698149391,0.1407162927612506,5.0199683042789225
2025-11-17,7545,46628,-9.78330019880716,0.3919923253993857,-6.803826555214033,38906,228903,2025-01-01,2023,4.22522603168918,3.371,2.06272504731618,2,False,True,7545.0,6310.0,7670.0,7634.0,11514.0,7375.25,732.8826076982709,8531.25,1941.0750926101362,11013.0,109606.0,0.03994280788198855,0.039828731992328725,0.16181264476280346,5.1565275016567265
2025-11-24,7075,40433,-9.785088339222611,0.3827782646088189,-6.716603661634441,35524,202783,2025-01-01,2023,4.22522603168918,3.371,2.06272504731618,2,False,True,7075.0,7545.0,6310.0,7976.0,8085.0,7150.0,615.8057052891095,8246.75,2011.3141942219563,11013.0,108596.0,0.04646750901507638,-0.13286008406965777,0.174980832488314,5.021060070671378
2025-12-01,6359,43693,-9.767259002987892,0.3963984058964469,-6.448533559023645,32219,215277,2025-01-01,2023,4.22522603168918,3.371,2.06272504731618,2,False,True,6359.0,7075.0,7545.0,7670.0,13034.0,6822.25,595.3292506391884,7665.0,1709.626192972275,10751.0,101921.0,0.03432066571921549,0.08062721044691212,0.14553818689492595,5.0666771504953605
2025-12-08,5628,37790,-9.786069651741297,0.3948819226566813,-6.652924604205168,28648,187306,2025-01-01,2023,4.22522603168918,3.371,2.06272504731618,2,False,True,5628.0,6359.0,7075.0,6310.0,10739.0,6651.75,838.8092254300841,7024.625,1735.7771903517282,7976.0,96810.0,0.008854735034397038,-0.1351017325429703,0.14892828790685367,5.090262970859985
2025-12-15,5432,37532,-9.798232695139912,0.372568662381573,-6.235093095310628,27198,181966,2025-01-01,2023,4.22522603168918,3.371,2.06272504731618,2,False,True,5432.0,5628.0,6359.0,7545.0,9498.0,6123.5,749.3341488725958,6749.375,1825.6749851808293,7976.0,92744.0,0.01275660624299668,-0.006827202963747059,0.14472983054460195,5.00699558173785
2025-12-22,5628,37064,-9.790067519545133,0.3756907681676512,-6.532981807785928,29116,183118,2025-01-01,2023,4.22522603168918,3.371,2.06272504731618,2,False,True,5628.0,5432.0,5628.0,7075.0,9351.0,5761.75,408.7463557431236,6455.875,1841.1892134424493,7670.0,89021.0,0.013114976184271732,-0.012469359479910458,0.15184545650766243,5.173418621179815
2025-12-29,4584,35217,-9.796247818499124,0.3835464646807475,-6.294253396456325,23536,172543,2025-01-01,2023,4.22522603168918,3.371,2.06272504731618,2,False,True,4584.0,5628.0,5432.0,6359.0,11013.0,5318.0,497.97991927381065,6070.125,1622.5206726982447,7545.0,82592.0,0.005600026585982017,-0.04983272177854525,0.1301644092341767,5.134380453752182
2026-01-05,4793,33048,-9.799394950970163,0.3743018669410255,-6.630882635332549,24161,159397,2026-01-01,2024,3.07480889805025,3.595,0.953618469238535,2,False,True,4793.0,4584.0,5628.0,5628.0,10751.0,5109.25,499.72350688484164,5880.5,1183.3259624182765,7545.0,76634.0,0.004153935697170626,-0.061589573217480154,0.14503146937787462,5.040892968912998
2026-01-12,4882,37231,-9.786050798852928,0.3915413935414216,-6.067929979329198,23962,175065,2026-01-01,2024,3.07480889805025,3.595,0.953618469238535,2,False,True,4882.0,4793.0,4584.0,5432.0,7634.0,4971.75,454.9801277711124,5547.625,1186.1767332164457,7075.0,73882.0,0.006008890395620488,0.12657346889373033,0.13112728640111734,4.908234330192544
2026-01-19,4739,38528,-9.780333403671662,0.3870604093605332,-6.167067924517003,24434,181155,2026-01-01,2024,3.07480889805025,3.595,0.953618469238535,2,False,True,4739.0,4882.0,4793.0,5628.0,7976.0,4749.5,125.09862775673334,5255.625,1099.7880339850735,6359.0,70645.0,0.008856494041769082,0.034836560930407545,0.12300145348837209,5.155940071745094
2026-01-26,5560,38811,-9.773471223021582,0.3939954528579764,-5.998981371453232,28083,193727,2026-01-01,2024,3.07480889805025,3.595,0.953618469238535,2,False,True,5560.0,4739.0,4882.0,4584.0,7670.0,4993.5,382.24119784932174,5155.75,946.863446524055,5628.0,68535.0,0.010998001753764673,0.007345307308970206,0.1432583545901935,5.05089928057554
2026-02-02,4773,35840,-9.780222082547665,0.3785845623769937,-6.429474125016956,23684,172610,2026-01-01,2024,3.07480889805025,3.595,0.953618469238535,2,False,True,4773.0,5560.0,4739.0,4793.0,6310.0,4988.5,385.8518714048406,5048.875,962.3362513206235,5628.0,66998.0,0.005144449189153775,-0.07655046249774544,0.1331752232142857,4.9620783574271945
2026-02-09,4760,42152,-9.776995798319328,0.3872117992760905,-6.377925625255693,24777,201651,2026-01-01,2024,3.07480889805025,3.595,0.953618469238535,2,False,True,4760.0,4773.0,5560.0,4882.0,7545.0,4958.0,401.57772182557346,4964.875,760.9481475981743,5628.0,64213.0,0.0032486814047406522,0.17611607142857144,0.11292465363446574,5.205252100840336
2026-02-16,5252,41482,-9.785224676313788,0.3774831289498554,-6.0727735887577365,26378,197602,2026-01-01,2024,3.07480889805025,3.595,0.953618469238535,2,False,True,5252.0,4760.0,4773.0,4739.0,7075.0,5086.25,390.0755268747549,4917.875,533.466167169863,5560.0,62390.0,0.004994077217130271,-0.015894856709052996,0.1266091316715684,5.022467631378523
2026-02-23,10800,59220,-9.815231481481483,0.3745595828804001,-5.33725442666506,53677,280282,2026-01-01,2024,3.07480889805025,3.595,0.953618469238535,2,False,True,10800.0,5252.0,4760.0,5560.0,6359.0,6396.25,2944.74541910388,5694.875,1692.5244257670113,10800.0,66831.0,0.017538488922704508,0.42760715491056356,0.182370820668693,4.970092592592593
2026-03-02,19899,77111,-9.863158952711197,0.3332197050113464,-5.37078978282333,97370,369982,2026-01-01,2024,3.07480889805025,3.595,0.953618469238535,2,False,True,19899.0,10800.0,5252.0,4773.0,5628.0,10177.75,7035.740301015472,7583.125,4470.890952493779,19899.0,81102.0,0.03897111469527268,0.30211077338736914,0.25805656780485275,4.893210714106236
2026-03-09,14394,59183,-9.84778379880506,0.3499356575712005,-5.589967725422736,72796,295739,2026-01-01,2024,3.07480889805025,3.595,0.953618469238535,2,False,True,14394.0,19899.0,10800.0,4760.0,5432.0,12586.25,6157.006435760804,8772.125,4951.819341199621,19899.0,90064.0,0.03473818122766728,-0.2324960122420926,0.24321173309903182,5.057385021536751
2026-03-16,14483,58885,-9.851377477042044,0.3472065829201767,-5.582242299820374,71511,285521,2026-01-01,2024,3.07480889805025,3.595,0.953618469238535,2,False,True,14483.0,14394.0,19899.0,5252.0,5628.0,14894.0,3751.8787293834484,9990.125,5294.5500474115215,19899.0,98919.0,0.020516948088747784,-0.005035229711234601,0.24595397809289293,4.937581992681074
2026-03-23,13088,53905,-9.841572432762831,0.3500647190252224,-5.789836601914977,66149,273377,2026-01-01,2024,3.07480889805025,3.595,0.953618469238535,2,False,True,13088.0,14483.0,14394.0,10800.0,4584.0,15466.0,3023.345056941614,10931.125,5329.249076530097,19899.0,107423.0,0.009077494398933303,-0.08457162265432627,0.24279751414525555,5.054171760391198
2026-03-30,10888,48652,-9.833302718589279,0.3591684406961362,-5.952897794066638,56597,256272,2026-01-01,2024,3.07480889805025,3.595,0.953618469238535,2,False,True,10888.0,13088.0,14483.0,19899.0,4793.0,13213.25,1676.1971592466766,11695.5,5185.345887180229,19899.0,113518.0,0.007918444894379097,-0.09744921621370928,0.22379347200526187,5.198108008817046
2026-04-06,11612,56526,-9.834395452979678,0.3530252946679411,-5.684410312493905,59949,280019,2026-01-01,2024,3.07480889805025,3.595,0.953618469238535,2,False,True,11612.0,10888.0,13088.0,14394.0,4882.0,12517.75,1598.31794396483,12552.0,5006.05802700058,19899.0,120248.0,0.008328246151184519,0.16184329523966134,0.20542759084315182,5.162676541508784
2026-04-13,7499,49641,-9.815575410054668,0.3670985907275672,-5.3207588695639085,37457,238985,2026-01-01,2024,3.07480889805025,3.595,0.953618469238535,2,False,True,7499.0,11612.0,10888.0,14483.0,4739.0,10771.75,2366.110785656487,12832.875,4800.518785096106,19899.0,123008.0,0.011050595583597484,-0.12180235643774551,0.15106464414496082,4.994932657687691
2026-04-20,7545,43864,-9.811663353214051,0.3697491384170833,-5.67350621175764,38581,218017,2026-01-01,2024,3.07480889805025,3.595,0.953618469238535,2,False,True,7545.0,7499.0,11612.0,13088.0,5560.0,9386.0,2172.6427839538246,12426.0,4656.224698934716,19899.0,124993.0,0.011796751792824517,-0.1163755766402772,0.17200893671347803,5.113452617627568
2026-04-27,6605,40787,-9.781453444360336,0.3907388765076967,-6.1069459098514205,34578,209312,2026-01-01,2024,3.07480889805025,3.595,0.953618469238535,2,False,True,6605.0,7545.0,7499.0,10888.0,4773.0,8315.25,2240.019698574091,10764.25,4481.121960260318,14483.0,126825.0,0.021920405213350577,-0.07014864125478748,0.16193885306592787,5.235124905374716
2026-05-04,6455,36485,-9.784585592563907,0.395339338821693,-5.926117594271848,33766,183191,2026-01-01,2024,3.07480889805025,3.595,0.953618469238535,2,False,True,6455.0,6605.0,7545.0,11612.0,4760.0,7026.0,576.3020041609775,9771.875,4304.616316974561,14483.0,128520.0,0.01778490836545199,-0.10547478363203966,0.17692202274907495,5.230983733539891
2026-05-11,7725,44114,-9.749449838187704,0.412268195435848,-6.3434397187691385,40530,222926,2026-01-01,2024,3.07480889805025,3.595,0.953618469238535,2,False,True,7725.0,6455.0,6605.0,7499.0,5252.0,7082.5,645.1033508929346,8927.125,4072.499287534586,13088.0,130993.0,0.025470452755266482,0.20909962998492526,0.17511447613002676,5.246601941747572
2026-05-18,6336,46137,-9.71385732323232,0.4297947100894433,-5.87948039036789,33496,231567,2026-01-01,2024,3.07480889805025,3.595,0.953618469238535,2,False,True,6336.0,7725.0,6455.0,7545.0,10800.0,6780.25,639.3774967367029,8083.125,4282.531482839927,11612.0,126529.0,0.03304934844419652,0.04585845763249763,0.13733012549580598,5.286616161616162
2026-05-25,7625,42149,-9.793114754098358,0.3833477178687023,-5.834707517519011,40586,212618,2026-01-01,2024,3.07480889805025,3.595,0.953618469238535,2,False,True,7625.0,6336.0,7725.0,6605.0,19899.0,7035.25,741.4402088727671,7675.25,3165.052925738718,11612.0,114255.0,0.03624562992567293,-0.08643821661573137,0.18090583406486513,5.322754098360655
2026-06-01,9604,50721,-9.819033735943357,0.3565020091139692,-5.838641680162612,48935,249768,2026-01-01,2024,3.07480889805025,3.595,0.953618469238535,2,False,True,9604.0,7625.0,6336.0,6455.0,14394.0,7822.5,1345.602343438293,7424.25,2772.3358532712555,9604.0,109465.0,0.04657519241981452,0.20337374552183918,0.18934957906981328,5.095272802998751
2026-06-08,9429,47995,-9.82564428889596,0.3633710565080566,-5.623050795740389,48763,237248,2026-01-01,2024,3.07480889805025,3.595,0.953618469238535,2,False,True,9429.0,9604.0,7625.0,7725.0,14483.0,8248.5,1557.4946762883735,7665.5,2210.9335937699516,9604.0,104411.0,0.0513272243347231,-0.053744997141223605,0.19645796437128868,5.17159826068512
2026-06-15,7119,46905,-9.813808119117853,0.3614526632927879,-5.177871585303343,36532,227950,2026-01-01,2024,3.07480889805025,3.595,0.953618469238535,2,False,True,7119.0,9429.0,9604.0,6336.0,13088.0,8444.25,1257.2736045374634,7612.25,1759.5810710093554,9604.0,98442.0,0.014051337440522291,-0.022710699031149084,0.15177486408698432,5.131619609495716
2026-06-22,5451,37750,-9.786828104934877,0.3867754861482266,-5.762492172240144,27335,181969,2026-01-01,2024,3.07480889805025,3.595,0.953618469238535,2,False,True,5451.0,7119.0,9429.0,7625.0,10888.0,7900.75,1987.3782352637254,7468.0,1704.6376025596962,9604.0,93005.0,0.017036532725826437,-0.19518175034644492,0.14439735099337747,5.014676206200697
2026-06-29,5032,33229,-9.786864069952305,0.3922732434922093,-5.894988233726951,25144,163050,2026-01-01,2024,3.07480889805025,3.595,0.953618469238535,2,False,True,5032.0,5451.0,7119.0,9604.0,11612.0,6757.75,1995.9865355257182,7290.125,1376.21394071049,9604.0,86425.0,0.019588688653260137,-0.11976158940397352,0.1514339883836408,4.996820349761526
2026-07-06,5155,35418,-9.772356935014548,0.3956032276230523,-5.516040126919653,25719,170674,2026-01-01,2024,3.07480889805025,3.595,0.953618469238535,2,False,True,5155.0,5032.0,5451.0,9429.0,7499.0,5689.25,969.2520741960226,6968.875,1491.7391390892494,9604.0,84081.0,0.01730119608280381,0.06587619248247023,0.14554746174261673,4.98913676042677
2026-07-13,4723,34987,-9.767097183993224,0.4006049275826551,-6.1251982725427085,23882,170903,2026-01-01,2024,3.07480889805025,3.595,0.953618469238535,2,False,True,4723.0,5155.0,5032.0,7119.0,7545.0,5090.25,301.44029259533113,6767.25,1616.401809763239,9604.0,81259.0,0.0101142515745609,-0.01216895363939241,0.13499299739903392,5.056531865339826
2026-07-20,6697,38520,-9.81081081081081,0.3746358840180433,-6.438760770385011,32921,187857,2026-01-01,2024,3.07480889805025,3.595,0.953618469238535,2,False,True,6697.0,4723.0,5155.0,5451.0,6605.0,5401.75,882.4161433246554,6651.25,1615.7579209432095,9604.0,81351.0,0.01956161176142767,0.10098036413525024,0.1738577362409138,4.915783186501419
2026-07-27,5826,42341,-9.78106762787504,0.3849088313781531,-5.886686865821379,29108,199162,2026-01-01,2024,3.07480889805025,3.595,0.953618469238535,2,False,True,5826.0,6697.0,4723.0,5032.0,6455.0,5600.25,860.549969496228,6179.0,1637.2923231710831,9429.0,80722.0,0.0195212557605105,0.0991952232606439,0.13759712807916677,4.996223824236183
2026-08-03,5262,35515,-9.77993158494869,0.388892729062713,-6.042671867363847,26180,175336,2026-01-01,2024,3.07480889805025,3.595,0.953618469238535,2,False,True,5262.0,5826.0,6697.0,5155.0,7725.0,5627.0,843.5919234637635,5658.125,1655.0709107759612,7119.0,78259.0,0.018507319349825174,-0.16121489808932243,0.14816274813459102,4.975294564804257
2026-08-10,5175,36217,-9.79497584541063,0.3676809584429445,-5.79092843016753,25431,176807,2026-01-01,2024,3.07480889805025,3.595,0.953618469238535,2,False,True,5175.0,5262.0,5826.0,4723.0,6336.0,5740.0,700.2271060162973,5415.125,1700.2239335576414,6697.0,77098.0,0.014462562392832693,0.01976629593129653,0.1428886986774167,4.914202898550725
2026-08-17,7098,45202,-9.7812764158918,0.3898605039996218,-5.786351196767822,35596,219271,2026-01-01,2024,3.07480889805025,3.595,0.953618469238535,2,False,True,7098.0,5175.0,5262.0,6697.0,7625.0,5840.25,886.7673031861058,5621.0,1672.9936400646484,7098.0,76571.0,0.007133170246703912,0.24808791451528278,0.15702845006858104,5.014933784164554
2026-08-24,5641,33544,-9.782751285233116,0.408359392724657,-5.972932081253896,27658,164787,2026-01-01,2024,3.07480889805025,3.595,0.953618469238535,2,False,True,5641.0,7098.0,5175.0,5826.0,9604.0,5794.0,892.5637232153001,5697.125,1336.1550898912144,7098.0,72608.0,0.006924464678703893,-0.2579089420822087,0.16816718340090628,4.903031377415352
